date,close,open,high,low,volume
2020-11-02T00:00:00-05:00,10429.3,10456.3,10511.5,10426.8,181857000.0
2020-11-03T00:00:00-05:00,10512.2,10429.3,10512.2,10426.9,114152000.0
2020-11-04T00:00:00-05:00,10556.9,10512.2,10562.8,10512.2,75910200.0
2020-11-05T00:00:00-05:00,10629.3,10556.9,10638.1,10513.6,89506500.0
2020-11-09T00:00:00-05:00,10838.7,10680.3,10838.7,10680.3,188228000.0
2020-11-10T00:00:00-05:00,11077.2,10838.7,11123.0,10838.7,206459000.0
2020-11-11T00:00:00-05:00,10997.6,11077.2,11077.2,10982.2,174249000.0
2020-11-12T00:00:00-05:00,11017.3,10997.6,11028.4,10997.6,213677000.0
2020-11-16T00:00:00-05:00,10991.6,10953.1,10994.4,10953.1,145170000.0
2020-11-17T00:00:00-05:00,11064.0,10991.6,11076.7,10991.6,234763000.0
2020-11-18T00:00:00-05:00,10989.7,11064.0,11070.0,10989.7,121424000.0
2020-11-19T00:00:00-05:00,10898.7,10989.7,10989.7,10890.1,123623000.0
2020-11-23T00:00:00-05:00,10885.1,10858.3,10924.8,10858.3,226027000.0
2020-11-24T00:00:00-05:00,10997.4,10885.1,10999.0,10885.1,271117000.0
2020-11-25T00:00:00-05:00,11068.4,10997.4,11112.5,10997.4,238336000.0
2020-11-26T00:00:00-05:00,10981.0,11068.4,11085.8,10966.5,127712000.0
2020-11-30T00:00:00-05:00,10943.4,11009.3,11017.6,10940.4,170429000.0
2020-12-01T00:00:00-05:00,11040.8,10943.4,11041.0,10937.2,178182000.0
2020-12-02T00:00:00-05:00,11023.3,11040.8,11103.7,11023.3,219672000.0
2020-12-03T00:00:00-05:00,11015.0,11023.3,11027.7,10970.4,125695000.0
2020-12-07T00:00:00-05:00,10995.1,11024.8,11036.4,10995.1,247850000.0
2020-12-08T00:00:00-05:00,11019.1,10995.1,11019.9,10989.3,236328000.0
2020-12-09T00:00:00-05:00,11018.1,11019.1,11049.6,11013.4,183762000.0
2020-12-10T00:00:00-05:00,10987.4,11018.6,11022.8,10987.4,139079000.0
2020-12-14T00:00:00-05:00,11048.0,11003.8,11072.8,11003.8,175252000.0
2020-12-15T00:00:00-05:00,11057.6,11048.0,11100.8,11046.0,195638000.0
2020-12-16T00:00:00-05:00,10983.0,11057.6,11063.8,10983.0,154804000.0
2020-12-17T00:00:00-05:00,10844.6,10983.0,10983.0,10843.5,130097000.0
2020-12-21T00:00:00-05:00,10581.8,10890.3,10892.3,10580.5,235288000.0
2020-12-22T00:00:00-05:00,10655.9,10581.8,10655.9,10545.9,138817000.0
2020-12-23T00:00:00-05:00,10677.5,10655.9,10717.0,10655.9,171409000.0
2020-12-24T00:00:00-05:00,10683.9,10677.5,10730.1,10677.2,259637000.0
2020-12-28T00:00:00-05:00,10658.5,10585.6,10674.7,10585.6,164655000.0
2020-12-29T00:00:00-05:00,10736.9,10658.5,10737.4,10658.5,168555000.0
2020-12-30T00:00:00-05:00,10867.8,10736.9,10870.1,10736.9,188473000.0
2020-12-31T00:00:00-05:00,10845.3,10867.8,10897.5,10844.5,158441000.0
2021-01-04T00:00:00-05:00,10813.8,10845.0,10860.7,10813.1,145135000.0
2021-01-05T00:00:00-05:00,10830.0,10813.8,10855.1,10804.5,204738000.0
2021-01-06T00:00:00-05:00,10952.1,10830.0,10971.6,10830.0,139815000.0
2021-01-11T00:00:00-05:00,11278.7,11213.5,11287.1,11213.5,141281000.0
2021-01-12T00:00:00-05:00,11339.8,11278.7,11354.3,11274.8,173836000.0
2021-01-13T00:00:00-05:00,11388.9,11339.8,11388.9,11322.7,280044000.0
2021-01-14T00:00:00-05:00,11453.4,11388.9,11462.0,11380.9,149215000.0
2021-01-18T00:00:00-05:00,11450.5,11446.5,11503.3,11446.5,150444000.0
2021-01-19T00:00:00-05:00,11485.8,11450.5,11485.8,11420.7,178235000.0
2021-01-20T00:00:00-05:00,11598.9,11485.8,11604.5,11485.8,315241000.0
2021-01-21T00:00:00-05:00,11654.6,11598.9,11675.7,11598.9,241280000.0
2021-01-25T00:00:00-05:00,11509.6,11525.2,11542.3,11507.0,255474000.0
2021-01-26T00:00:00-05:00,11527.3,11509.6,11528.4,11478.6,234195000.0
2021-01-27T00:00:00-05:00,11578.8,11527.3,11591.2,11527.3,169061000.0
2021-02-01T00:00:00-05:00,11589.3,11546.1,11623.8,11546.1,176869000.0
2021-02-02T00:00:00-05:00,11637.5,11589.3,11645.7,11589.3,184859000.0
2021-02-03T00:00:00-05:00,11619.1,11637.5,11673.5,11618.9,163598000.0
2021-02-04T00:00:00-05:00,11598.9,11619.1,11632.1,11597.0,139545000.0
2021-02-08T00:00:00-05:00,11523.1,11602.8,11665.0,11523.1,431011000.0
2021-02-09T00:00:00-05:00,11447.7,11523.1,11523.1,11429.3,195458000.0
2021-02-10T00:00:00-05:00,11545.0,11447.7,11546.1,11447.7,258174000.0
2021-02-11T00:00:00-05:00,11546.3,11545.0,11584.4,11545.0,76315100.0
2021-02-15T00:00:00-05:00,11526.8,11506.7,11547.0,11506.7,92773700.0
2021-02-16T00:00:00-05:00,11534.0,11526.8,11566.0,11514.7,77402100.0
2021-02-17T00:00:00-05:00,11413.2,11534.0,11541.3,11413.1,757836000.0
2021-02-18T00:00:00-05:00,11380.5,11413.2,11429.8,11378.0,383597000.0
2021-02-22T00:00:00-05:00,11550.0,11425.9,11551.9,11425.9,273523000.0
2021-02-23T00:00:00-05:00,11416.7,11550.0,11556.3,11416.7,285912000.0
2021-02-24T00:00:00-05:00,11435.4,11416.7,11435.4,11288.3,176302000.0
2021-02-25T00:00:00-05:00,11617.9,11435.4,11621.6,11435.4,269032000.0
2021-03-01T00:00:00-05:00,11521.4,11525.0,11589.0,11519.2,177108000.0
2021-03-02T00:00:00-05:00,11471.4,11521.4,11533.5,11471.4,216132000.0
2021-03-03T00:00:00-05:00,11393.2,11471.4,11489.2,11386.7,260100000.0
2021-03-04T00:00:00-05:00,11333.9,11393.2,11410.0,11298.1,148094000.0
2021-03-08T00:00:00-05:00,11459.5,11557.9,11609.8,11459.4,200275000.0
2021-03-09T00:00:00-05:00,11337.5,11459.5,11495.5,11337.4,133135000.0
2021-03-10T00:00:00-05:00,11235.6,11337.5,11337.5,11187.6,298987000.0
2021-03-11T00:00:00-05:00,11261.4,11235.6,11273.0,11202.1,339507000.0
2021-03-15T00:00:00-04:00,11222.3,11289.6,11333.0,11222.3,196166000.0
2021-03-16T00:00:00-04:00,11190.8,11222.3,11223.6,11146.3,145121000.0
2021-03-17T00:00:00-04:00,11068.4,11190.8,11195.6,11068.4,124811000.0
2021-03-18T00:00:00-04:00,10918.4,11068.4,11068.4,10900.3,168132000.0
2021-03-22T00:00:00-04:00,10537.2,10802.3,10802.3,10537.0,148177000.0
2021-03-23T00:00:00-04:00,10471.4,10537.2,10538.2,10317.0,211279000.0
2021-03-24T00:00:00-04:00,10702.2,10471.4,10723.6,10471.4,129220000.0
2021-03-25T00:00:00-04:00,10870.5,10702.2,10870.5,10691.9,100743000.0
2021-03-29T00:00:00-04:00,10738.4,10867.7,10876.0,10733.2,128908000.0
2021-03-30T00:00:00-04:00,10739.7,10738.4,10786.1,10717.6,218467000.0
2021-03-31T00:00:00-04:00,10568.4,10739.7,10740.5,10565.6,258273000.0
2021-04-01T00:00:00-04:00,10564.9,10568.4,10601.6,10543.8,122791000.0
2021-04-05T00:00:00-04:00,10256.9,10417.1,10417.1,10149.2,160779000.0
2021-04-06T00:00:00-04:00,10263.2,10256.9,10291.6,10222.0,115366000.0
2021-04-07T00:00:00-04:00,10227.7,10263.2,10263.2,10209.4,102592000.0
2021-04-08T00:00:00-04:00,10303.5,10227.7,10312.0,10227.5,103086000.0
2021-04-12T00:00:00-04:00,10450.1,10393.1,10503.1,10392.4,192887000.0
2021-04-13T00:00:00-04:00,10305.8,10450.1,10460.6,10305.8,154154000.0
2021-04-14T00:00:00-04:00,10115.5,10305.8,10322.5,10114.7,183049000.0
2021-04-15T00:00:00-04:00,10143.2,10115.5,10212.7,10115.5,121151000.0
2021-04-19T00:00:00-04:00,10441.0,10358.3,10441.2,10351.1,75242400.0
2021-04-20T00:00:00-04:00,10620.0,10441.0,10620.0,10441.0,149632000.0
2021-04-21T00:00:00-04:00,10642.5,10620.0,10711.4,10616.8,108388000.0
2021-04-22T00:00:00-04:00,10600.1,10642.5,10643.2,10560.2,154733000.0
2021-04-26T00:00:00-04:00,10525.8,10604.3,10604.3,10507.5,99182600.0
2021-04-27T00:00:00-04:00,10591.4,10525.8,10598.9,10525.8,118636000.0
2021-04-28T00:00:00-04:00,10475.3,10591.4,10594.4,10475.3,70092800.0
2021-05-04T00:00:00-04:00,10465.6,10475.3,10475.3,10429.1,61337800.0
2021-05-05T00:00:00-04:00,10512.8,10465.6,10515.7,10418.4,112071000.0
2021-05-06T00:00:00-04:00,10588.1,10512.8,10589.1,10512.8,108213000.0
2021-05-10T00:00:00-04:00,10686.0,10643.6,10688.0,10632.0,69704000.0
2021-05-11T00:00:00-04:00,10767.8,10686.0,10771.6,10686.0,90731000.0
2021-05-17T00:00:00-04:00,10674.7,10767.8,10790.8,10673.7,133964000.0
2021-05-18T00:00:00-04:00,10780.9,10674.7,10780.9,10669.2,168600000.0
2021-05-19T00:00:00-04:00,10806.2,10780.9,10876.2,10780.9,145926000.0
2021-05-20T00:00:00-04:00,10732.0,10806.2,10816.6,10731.5,128648000.0
2021-05-24T00:00:00-04:00,10761.0,10812.1,10835.2,10760.8,127902000.0
2021-05-25T00:00:00-04:00,10531.8,10761.0,10761.0,10531.6,119708000.0
2021-05-26T00:00:00-04:00,10369.6,10531.8,10532.4,10369.6,210359000.0
2021-05-27T00:00:00-04:00,10242.3,10369.6,10374.3,10242.3,639529000.0
2021-05-31T00:00:00-04:00,10309.1,10301.6,10391.8,10301.6,452329000.0
2021-06-01T00:00:00-04:00,10240.2,10309.1,10323.5,10231.4,264447000.0
2021-06-02T00:00:00-04:00,10121.0,10240.2,10245.4,10121.0,182025000.0
2021-06-03T00:00:00-04:00,10054.8,10121.0,10122.5,10029.1,183638000.0
2021-06-07T00:00:00-04:00,10105.0,10122.4,10131.5,10091.1,158210000.0
2021-06-08T00:00:00-04:00,9963.91,10105.0,10129.0,9959.32,141390000.0
2021-06-09T00:00:00-04:00,10042.2,9963.91,10046.2,9959.91,170458000.0
2021-06-10T00:00:00-04:00,9977.9,10042.2,10054.4,9977.48,130868000.0
2021-06-14T00:00:00-04:00,9933.35,9887.19,9944.81,9837.61,62933200.0
2021-06-15T00:00:00-04:00,9891.18,9933.35,9960.83,9891.18,88814900.0
2021-06-16T00:00:00-04:00,9880.49,9891.18,9904.52,9845.3,121216000.0
2021-06-17T00:00:00-04:00,9865.59,9880.49,9906.43,9863.85,102972000.0
2021-06-21T00:00:00-04:00,10061.6,9797.91,10061.7,9797.91,184250000.0
2021-06-22T00:00:00-04:00,10206.2,10061.6,10206.2,10058.8,243559000.0
2021-06-23T00:00:00-04:00,10272.7,10206.2,10311.9,10206.2,214110000.0
2021-06-24T00:00:00-04:00,10278.9,10272.7,10285.5,10244.8,93019300.0
2021-06-28T00:00:00-04:00,10273.9,10305.0,10326.1,10261.2,228918000.0
2021-06-29T00:00:00-04:00,10123.1,10273.9,10274.8,10094.2,137401000.0
2021-06-30T00:00:00-04:00,10256.6,10123.1,10262.2,10122.8,105914000.0
2021-07-05T00:00:00-04:00,10348.3,10345.7,10387.0,10345.7,105965000.0
2021-07-06T00:00:00-04:00,10154.8,10348.3,10348.3,10147.5,84397400.0
2021-07-07T00:00:00-04:00,10277.2,10154.8,10280.0,10154.8,99084700.0
2021-07-08T00:00:00-04:00,10184.8,10277.2,10279.3,10184.8,103518000.0
2021-07-12T00:00:00-04:00,10233.7,10153.5,10233.9,10153.4,76966800.0
2021-07-13T00:00:00-04:00,10432.0,10233.7,10432.0,10233.7,78529400.0
2021-07-14T00:00:00-04:00,10602.4,10432.0,10625.6,10432.0,169342000.0
2021-07-15T00:00:00-04:00,10561.3,10602.4,10609.8,10549.6,112705000.0
2021-07-26T00:00:00-04:00,10697.3,10745.7,10757.4,10685.4,79116400.0
2021-07-27T00:00:00-04:00,10763.3,10697.3,10763.8,10697.3,143950000.0
2021-07-28T00:00:00-04:00,10769.2,10763.3,10795.1,10723.5,140647000.0
2021-07-29T00:00:00-04:00,10742.2,10769.2,10837.2,10742.2,138632000.0
2021-08-02T00:00:00-04:00,10821.9,10810.2,10874.7,10808.7,103742000.0
2021-08-03T00:00:00-04:00,10726.3,10821.9,10822.0,10726.3,111287000.0
2021-08-04T00:00:00-04:00,10718.9,10726.3,10734.7,10688.4,74244200.0
2021-08-05T00:00:00-04:00,10723.2,10718.9,10756.3,10718.9,59910300.0
2021-08-09T00:00:00-04:00,10800.4,10738.7,10808.2,10738.7,101674000.0
2021-08-10T00:00:00-04:00,10853.8,10800.4,10870.8,10798.8,89771400.0
2021-08-11T00:00:00-04:00,10884.5,10853.8,10887.7,10852.5,74489400.0
2021-08-16T00:00:00-04:00,11046.1,11029.6,11145.6,11028.4,98435500.0
2021-08-17T00:00:00-04:00,10937.7,11046.1,11061.9,10936.0,91802700.0
2021-08-18T00:00:00-04:00,10908.0,10937.7,10956.2,10906.0,83051400.0
2021-08-19T00:00:00-04:00,10808.7,10908.0,10908.0,10808.7,67573000.0
2021-08-23T00:00:00-04:00,10884.3,10690.8,10884.5,10683.2,96639500.0
2021-08-24T00:00:00-04:00,10950.2,10884.3,10953.6,10884.3,131335000.0
2021-08-25T00:00:00-04:00,11064.4,10950.2,11072.9,10950.2,133038000.0
2021-08-26T00:00:00-04:00,11125.5,11064.4,11160.4,11064.4,179149000.0
2021-08-30T00:00:00-04:00,11163.2,11113.7,11198.1,11113.7,146571000.0
2021-08-31T00:00:00-04:00,11143.8,11163.2,11192.5,11129.9,122665000.0
2021-09-01T00:00:00-04:00,11283.7,11143.8,11283.7,11143.6,99603600.0
2021-09-02T00:00:00-04:00,11301.4,11283.7,11322.0,11283.7,100727000.0
2021-09-06T00:00:00-04:00,11064.2,11095.9,11114.4,10954.8,101697000.0
2021-09-07T00:00:00-04:00,11089.8,11064.2,11122.5,11002.9,88353700.0
2021-09-08T00:00:00-04:00,11135.5,11089.8,11149.8,11085.2,55859600.0
2021-09-09T00:00:00-04:00,11056.3,11135.5,11137.1,11041.3,50081400.0
2021-09-13T00:00:00-04:00,11140.2,11036.9,11141.8,11036.9,51210800.0
2021-09-14T00:00:00-04:00,11187.8,11140.2,11206.8,11140.0,93989800.0
2021-09-15T00:00:00-04:00,11149.4,11187.8,11240.0,11117.1,80205400.0
2021-09-16T00:00:00-04:00,10996.8,11149.4,11182.7,10994.5,140815000.0
2021-09-20T00:00:00-04:00,10710.6,10889.6,10889.6,10692.5,72570800.0
2021-09-21T00:00:00-04:00,10498.5,10710.6,10711.1,10453.2,93129200.0
2021-09-22T00:00:00-04:00,10596.1,10498.5,10609.3,10498.5,57445400.0
2021-09-23T00:00:00-04:00,10642.0,10596.1,10683.2,10596.1,47681000.0
2021-09-27T00:00:00-04:00,10496.0,10649.8,10652.1,10481.1,60304300.0
2021-09-28T00:00:00-04:00,10446.8,10496.0,10499.9,10424.3,67957000.0
2021-09-29T00:00:00-04:00,10391.1,10446.8,10463.5,10345.4,54052200.0
2021-09-30T00:00:00-04:00,10517.0,10391.1,10517.0,10281.2,54957400.0
2021-10-04T00:00:00-04:00,10427.4,10366.4,10437.7,10366.1,51435300.0
2021-10-05T00:00:00-04:00,10432.6,10427.4,10473.0,10412.1,42004100.0
2021-10-06T00:00:00-04:00,10536.4,10432.6,10536.4,10432.6,73245000.0
2021-10-11T00:00:00-04:00,10714.8,10663.0,10739.8,10662.9,128472000.0
2021-10-12T00:00:00-04:00,10783.9,10714.8,10811.7,10697.6,73378700.0
2021-10-13T00:00:00-04:00,10881.4,10783.9,10882.2,10783.9,85484100.0
2021-10-14T00:00:00-04:00,10995.6,10881.4,11018.2,10881.1,92830100.0
2021-10-18T00:00:00-04:00,11276.2,11155.6,11303.9,11134.8,134396000.0
2021-10-19T00:00:00-04:00,11195.0,11276.2,11358.4,11189.4,88458500.0
2021-10-20T00:00:00-04:00,11132.1,11195.0,11227.7,11061.4,84681600.0
2021-10-25T00:00:00-04:00,11178.0,11185.9,11229.5,11096.5,104939000.0
2021-10-26T00:00:00-04:00,11256.5,11178.0,11468.6,11178.0,126416000.0
2021-10-27T00:00:00-04:00,11364.2,11256.5,11387.6,11254.3,75578500.0
2021-10-28T00:00:00-04:00,11506.6,11364.2,11506.6,11361.3,109445000.0
2021-11-01T00:00:00-04:00,11568.3,11420.2,11570.3,11419.6,97026800.0
2021-11-02T00:00:00-04:00,11676.4,11568.3,11676.4,11545.1,132819000.0
2021-11-03T00:00:00-04:00,11685.1,11676.4,11730.3,11609.4,81629400.0
2021-11-04T00:00:00-04:00,11612.8,11685.1,11685.2,11474.7,51083600.0
2021-11-08T00:00:00-05:00,11497.5,11555.6,11563.2,11468.2,66642300.0
2021-11-09T00:00:00-05:00,11588.4,11497.5,11590.4,11483.3,63545000.0
2021-11-10T00:00:00-05:00,11480.5,11588.4,11601.1,11372.6,67768300.0
2021-11-11T00:00:00-05:00,11573.1,11480.5,11602.8,11480.5,124850000.0
2021-11-15T00:00:00-05:00,11496.6,11663.0,11664.7,11475.1,75281800.0
2021-11-16T00:00:00-05:00,11413.2,11496.6,11501.5,11404.0,58244800.0
2021-11-17T00:00:00-05:00,11453.3,11413.2,11511.2,11391.0,64044900.0
2021-11-18T00:00:00-05:00,11338.0,11453.3,11480.8,11310.3,65006400.0
2021-11-22T00:00:00-05:00,11359.0,11273.1,11369.4,11255.5,55979700.0
2021-11-23T00:00:00-05:00,11369.2,11359.0,11432.2,11351.9,47907600.0
2021-11-24T00:00:00-05:00,11352.6,11369.2,11372.5,11291.4,36794400.0
2021-11-25T00:00:00-05:00,11431.2,11352.6,11451.7,11338.5,83154400.0
2021-11-29T00:00:00-05:00,11212.3,11277.8,11277.8,11202.1,62704000.0
2021-11-30T00:00:00-05:00,11395.6,11212.3,11395.6,11179.3,120064000.0
2021-12-01T00:00:00-05:00,11420.0,11395.6,11442.6,11330.1,79457100.0
2021-12-02T00:00:00-05:00,11318.4,11420.0,11440.4,11293.6,73882600.0
2021-12-06T00:00:00-05:00,11514.9,11401.3,11515.0,11385.8,185774000.0
2021-12-07T00:00:00-05:00,11538.3,11514.9,11631.0,11466.4,270448000.0
2021-12-08T00:00:00-05:00,11451.1,11538.3,11553.0,11391.1,150619000.0
2021-12-09T00:00:00-05:00,11534.6,11451.1,11545.5,11451.1,410743000.0
2021-12-13T00:00:00-05:00,11700.4,11708.0,11765.6,11700.4,122059000.0
2021-12-14T00:00:00-05:00,11618.0,11700.4,11729.0,11610.0,165229000.0
2021-12-15T00:00:00-05:00,11622.1,11618.0,11665.5,11590.2,155254000.0
2021-12-16T00:00:00-05:00,11667.7,11622.1,11739.7,11622.1,166655000.0
2021-12-20T00:00:00-05:00,11482.4,11565.7,11570.9,11440.2,122502000.0
2021-12-21T00:00:00-05:00,11524.7,11482.4,11609.0,11482.4,117286000.0
2021-12-22T00:00:00-05:00,11630.6,11524.7,11636.7,11524.6,121057000.0
2021-12-23T00:00:00-05:00,11755.5,11630.6,11776.6,11630.3,132159000.0
2021-12-27T00:00:00-05:00,11849.8,11856.2,11922.7,11834.0,115518000.0
2021-12-28T00:00:00-05:00,11913.4,11849.8,11913.4,11840.1,135928000.0
2021-12-29T00:00:00-05:00,11898.4,11913.4,11950.3,11895.3,120722000.0
2021-12-30T00:00:00-05:00,11949.2,11898.4,11959.7,11858.0,122515000.0
2022-01-03T00:00:00-05:00,11897.4,11909.7,11916.0,11870.5,79317900.0
2022-01-04T00:00:00-05:00,11982.6,11897.4,11984.2,11897.1,114479000.0
2022-01-05T00:00:00-05:00,12043.4,11982.6,12069.2,11980.9,144598000.0
2022-01-10T00:00:00-05:00,12022.7,11978.6,12040.8,11978.6,85327200.0
2022-01-11T00:00:00-05:00,12002.1,12022.7,12047.3,11979.2,104266000.0
2022-01-12T00:00:00-05:00,12060.0,12002.1,12065.4,12002.1,94048100.0
2022-01-13T00:00:00-05:00,12012.3,12060.0,12063.9,11978.8,76230100.0
2022-01-17T00:00:00-05:00,11859.1,11830.9,11871.8,11807.4,73888000.0
2022-01-18T00:00:00-05:00,11876.4,11859.1,11877.8,11805.4,59934500.0
2022-01-19T00:00:00-05:00,11715.0,11876.4,11882.3,11693.6,67148300.0
2022-01-20T00:00:00-05:00,11731.7,11715.0,11731.7,11608.6,66374500.0
2022-01-24T00:00:00-05:00,11616.1,11655.7,11671.2,11608.7,66413600.0
2022-01-25T00:00:00-05:00,11542.4,11616.1,11624.5,11516.9,52849200.0
2022-01-26T00:00:00-05:00,11499.9,11542.4,11562.0,11487.0,51107900.0
2022-01-31T00:00:00-05:00,11490.5,11457.5,11513.7,11420.5,59625000.0
2022-02-01T00:00:00-05:00,11603.3,11490.5,11603.3,11490.5,77752500.0
2022-02-02T00:00:00-05:00,11691.8,11603.3,11691.8,11603.3,102083000.0
2022-02-03T00:00:00-05:00,11638.1,11691.8,11720.7,11618.5,75512200.0
2022-02-07T00:00:00-05:00,11548.6,11689.5,11708.0,11523.8,96255300.0
2022-02-08T00:00:00-05:00,11527.9,11548.6,11576.0,11523.5,68226200.0
2022-02-09T00:00:00-05:00,11596.3,11527.9,11703.8,11527.9,107682000.0
2022-02-10T00:00:00-05:00,11578.5,11596.3,11616.2,11549.0,88627400.0
2022-02-14T00:00:00-05:00,11403.3,11438.1,11438.1,11320.2,64320700.0
2022-02-15T00:00:00-05:00,11563.4,11403.3,11563.4,11402.4,105831000.0
2022-02-16T00:00:00-05:00,11568.1,11563.4,11627.4,11523.6,76434500.0
2022-02-17T00:00:00-05:00,11535.0,11568.1,11568.1,11497.2,47925600.0
2022-02-21T00:00:00-05:00,11501.9,11371.2,11506.8,11370.5,70787400.0
2022-02-22T00:00:00-05:00,11302.5,11501.9,11503.8,11257.0,103046000.0
2022-02-23T00:00:00-05:00,11301.1,11302.5,11349.8,11294.9,47708700.0
2022-02-24T00:00:00-05:00,10890.9,11301.1,11301.1,10841.8,106393000.0
2022-02-28T00:00:00-05:00,11138.9,11174.1,11176.2,11094.0,73957000.0
2022-03-01T00:00:00-05:00,11275.8,11138.9,11297.6,11138.9,69181200.0
2022-03-02T00:00:00-05:00,11189.3,11275.8,11291.4,11186.4,75366700.0
2022-03-03T00:00:00-05:00,11305.5,11189.3,11305.5,11189.3,79407900.0
2022-03-07T00:00:00-05:00,10701.1,11094.7,11095.9,10684.1,97056900.0
2022-03-08T00:00:00-05:00,10396.8,10701.1,10701.1,10357.7,87092800.0
2022-03-09T00:00:00-05:00,10415.7,10396.8,10485.6,10395.1,68109300.0
2022-03-10T00:00:00-05:00,10453.6,10415.7,10453.6,10332.2,72172800.0
2022-03-14T00:00:00-04:00,10419.6,10480.7,10480.7,10361.1,51072300.0
2022-03-15T00:00:00-04:00,10423.1,10419.6,10424.5,10284.6,60573600.0
2022-03-16T00:00:00-04:00,10705.6,10423.1,10721.5,10423.1,166492000.0
2022-03-17T00:00:00-04:00,10726.4,10705.6,10804.9,10675.3,110027000.0
2022-03-21T00:00:00-04:00,11511.1,10973.7,11511.1,10973.7,180899000.0
2022-03-22T00:00:00-04:00,11663.3,11511.1,11977.4,11511.1,169004000.0
2022-03-23T00:00:00-04:00,11743.9,11663.3,11744.7,11586.4,89724000.0
2022-03-24T00:00:00-04:00,11709.2,11743.9,11810.1,11703.9,123841000.0
2022-03-28T00:00:00-04:00,11240.8,11545.6,11592.5,11238.4,89276000.0
2022-03-29T00:00:00-04:00,11393.5,11240.8,11394.9,11151.1,90656900.0
2022-03-30T00:00:00-04:00,11239.2,11393.5,11457.2,11224.3,82843900.0
2022-03-31T00:00:00-04:00,11238.5,11239.2,11239.4,11123.1,78589400.0
2022-04-04T00:00:00-04:00,11529.2,11562.2,11564.6,11512.0,78011500.0
2022-04-05T00:00:00-04:00,11380.9,11529.2,11545.1,11366.8,66758700.0
2022-04-06T00:00:00-04:00,11348.0,11380.9,11418.0,11319.9,91236500.0
2022-04-07T00:00:00-04:00,11101.9,11348.0,11359.6,11090.3,98377800.0
2022-04-11T00:00:00-04:00,10728.7,10897.6,10900.7,10708.4,60238200.0
2022-04-12T00:00:00-04:00,10898.7,10728.7,10942.5,10728.7,51366600.0
2022-04-13T00:00:00-04:00,10847.5,10898.7,10936.2,10846.6,48081800.0
2022-04-14T00:00:00-04:00,10679.5,10847.5,10847.5,10614.2,84973300.0
2022-04-18T00:00:00-04:00,10724.8,10707.9,10724.8,10580.0,47346200.0
2022-04-19T00:00:00-04:00,10626.8,10724.8,10728.2,10566.9,53684900.0
2022-04-20T00:00:00-04:00,10444.8,10626.8,10626.8,10441.4,41273700.0
2022-04-21T00:00:00-04:00,10548.1,10444.8,10580.9,10443.9,142687000.0
2022-04-26T00:00:00-04:00,10682.1,10548.1,10694.5,10529.5,53567100.0
2022-04-27T00:00:00-04:00,10718.2,10682.1,10772.5,10681.0,57860200.0
2022-04-28T00:00:00-04:00,11047.7,10718.2,11056.3,10717.5,102416000.0
2022-05-09T00:00:00-04:00,10906.7,11109.2,11177.3,10887.2,89968600.0
2022-05-10T00:00:00-04:00,10811.5,10906.7,10906.8,10777.8,59755100.0
2022-05-11T00:00:00-04:00,10855.9,10811.5,10926.0,10810.1,85184700.0
2022-05-12T00:00:00-04:00,10679.0,10855.9,10855.9,10602.1,84359300.0
2022-05-16T00:00:00-04:00,10461.9,10534.2,10538.1,10391.5,67164400.0
2022-05-17T00:00:00-04:00,10439.0,10461.9,10571.8,10438.4,45323300.0
2022-05-18T00:00:00-04:00,10467.6,10439.0,10488.4,10434.0,51912800.0
2022-05-19T00:00:00-04:00,10550.0,10467.6,10550.0,10344.1,49739500.0
2022-05-23T00:00:00-04:00,10515.0,10462.7,10560.2,10462.7,52924700.0
2022-05-24T00:00:00-04:00,10415.5,10515.0,10546.7,10374.8,57391900.0
2022-05-25T00:00:00-04:00,10247.4,10415.5,10448.3,10247.4,80200700.0
2022-05-26T00:00:00-04:00,10200.6,10247.4,10263.2,10155.5,82059600.0
2022-05-30T00:00:00-04:00,10109.4,10086.7,10170.7,10057.6,62391200.0
2022-05-31T00:00:00-04:00,10150.0,10109.4,10260.1,10109.4,166645000.0
2022-06-01T00:00:00-04:00,10084.0,10150.0,10204.5,10041.2,80026800.0
2022-06-02T00:00:00-04:00,10007.5,10084.0,10097.2,9990.46,55653700.0
2022-06-06T00:00:00-04:00,9984.92,9986.0,9994.77,9957.2,47255700.0
2022-06-07T00:00:00-04:00,10048.4,9984.92,10048.4,9973.98,59407300.0
2022-06-08T00:00:00-04:00,10236.1,10048.4,10249.9,10048.4,102857000.0
2022-06-09T00:00:00-04:00,10235.4,10236.1,10266.7,10157.9,61079300.0
2022-06-13T00:00:00-04:00,10014.9,10097.5,10097.5,9964.5,72683500.0
2022-06-14T00:00:00-04:00,9981.22,10014.9,10014.9,9930.96,87611300.0
2022-06-15T00:00:00-04:00,9969.97,9981.22,10008.2,9924.78,110514000.0
2022-06-16T00:00:00-04:00,9866.75,9969.97,9975.29,9857.45,111323000.0
2022-06-20T00:00:00-04:00,9680.18,9720.11,9746.62,9671.26,61923000.0
2022-06-21T00:00:00-04:00,9697.88,9676.32,9755.15,9676.21,78286500.0
2022-06-22T00:00:00-04:00,9612.9,9697.46,9697.88,9612.9,46544200.0
2022-06-23T00:00:00-04:00,9439.85,9612.9,9612.9,9439.85,48083700.0
2022-06-27T00:00:00-04:00,9255.43,9438.26,9446.37,9227.13,96614100.0
2022-06-28T00:00:00-04:00,9179.63,9255.45,9255.45,9008.2,89698000.0
2022-06-29T00:00:00-04:00,9225.61,9180.23,9248.26,9167.94,66463200.0
2022-07-04T00:00:00-04:00,8685.74,9009.5,9020.14,8681.8,86158600.0
2022-07-05T00:00:00-04:00,8657.5,8711.64,8756.88,8616.14,154507000.0
2022-07-06T00:00:00-04:00,8670.12,8658.13,8708.97,8598.43,83288700.0
2022-07-07T00:00:00-04:00,8764.25,8667.88,8815.64,8667.8,96746500.0
2022-07-18T00:00:00-04:00,8867.94,8775.38,8922.35,8772.93,119571000.0
2022-07-19T00:00:00-04:00,9033.53,8866.19,9060.65,8864.78,153977000.0
2022-07-20T00:00:00-04:00,9112.72,9034.31,9160.3,9033.53,153092000.0
2022-07-21T00:00:00-04:00,9289.81,9115.62,9289.81,9112.72,176399000.0
2022-07-25T00:00:00-04:00,9237.7,9276.11,9308.54,9236.07,89597900.0
2022-07-26T00:00:00-04:00,9350.42,9237.83,9441.07,9237.03,129307000.0
2022-07-27T00:00:00-04:00,9287.92,9350.7,9411.08,9283.48,93542400.0
2022-07-28T00:00:00-04:00,9369.32,9287.84,9369.32,9282.7,77905300.0
2022-08-01T00:00:00-04:00,9423.1,9467.08,9581.82,9395.47,101163000.0
2022-08-02T00:00:00-04:00,9442.02,9423.57,9457.97,9392.18,103188000.0
2022-08-03T00:00:00-04:00,9539.43,9448.34,9539.43,9442.02,83082400.0
2022-08-04T00:00:00-04:00,10043.2,9545.6,10050.2,9539.43,252133000.0
2022-08-08T00:00:00-04:00,10047.7,10123.7,10136.7,10041.7,168378000.0
2022-08-09T00:00:00-04:00,9968.88,10048.4,10153.1,9966.01,119409000.0
2022-08-10T00:00:00-04:00,9965.46,9969.05,10061.2,9940.43,77822800.0
2022-08-11T00:00:00-04:00,9988.84,9967.5,10000.3,9955.78,84738100.0
2022-08-15T00:00:00-04:00,9914.71,9984.59,10010.2,9871.25,115325000.0
2022-08-16T00:00:00-04:00,9843.17,9916.46,9926.58,9820.3,110753000.0
2022-08-17T00:00:00-04:00,10058.1,9843.95,10070.1,9833.85,181919000.0
2022-08-18T00:00:00-04:00,10094.2,10069.0,10153.2,10058.1,142226000.0
2022-08-22T00:00:00-04:00,10246.2,10341.1,10372.6,10225.4,197420000.0
2022-08-23T00:00:00-04:00,10137.9,10246.9,10295.8,10137.0,185810000.0
2022-08-24T00:00:00-04:00,10105.2,10140.1,10219.6,10087.7,126730000.0
2022-08-25T00:00:00-04:00,10287.3,10108.8,10291.8,10105.2,180529000.0
2022-08-29T00:00:00-04:00,10122.3,10178.1,10235.0,10122.2,192976000.0
2022-08-30T00:00:00-04:00,10132.1,10122.9,10157.4,10063.0,165875000.0
2022-08-31T00:00:00-04:00,9998.61,10132.7,10163.2,9997.99,138393000.0
2022-09-01T00:00:00-04:00,9936.87,9998.81,10064.5,9919.88,95220700.0
2022-09-05T00:00:00-04:00,10177.6,9996.72,10177.6,9996.72,173701000.0
2022-09-06T00:00:00-04:00,10329.7,10239.3,10329.7,10177.6,200965000.0
2022-09-07T00:00:00-04:00,10232.3,10347.7,10362.5,10226.8,181424000.0
2022-09-08T00:00:00-04:00,10265.4,10232.9,10320.7,10231.5,105094000.0
2022-09-12T00:00:00-04:00,10434.1,10357.2,10465.2,10356.3,125561000.0
2022-09-13T00:00:00-04:00,10397.1,10430.5,10456.8,10387.6,104684000.0
2022-09-14T00:00:00-04:00,10193.8,10343.6,10397.1,10163.9,105577000.0
2022-09-15T00:00:00-04:00,10079.0,10194.7,10213.4,10039.4,127708000.0
2022-09-19T00:00:00-04:00,9854.21,9769.05,9865.9,9627.85,66165800.0
2022-09-20T00:00:00-04:00,10010.5,9853.92,10010.5,9830.26,83873800.0
2022-09-21T00:00:00-04:00,9955.85,10029.7,10045.0,9955.85,97291400.0
2022-09-22T00:00:00-04:00,9933.05,9971.83,9975.05,9875.76,77318200.0
2022-09-26T00:00:00-04:00,9827.8,9895.25,9906.36,9824.53,63583400.0
2022-09-27T00:00:00-04:00,9817.37,9828.35,9873.7,9805.7,85830100.0
2022-09-28T00:00:00-04:00,9702.19,9817.37,9828.62,9694.64,77414800.0
2022-09-29T00:00:00-04:00,9827.46,9704.41,9835.34,9702.19,99944300.0
2022-10-03T00:00:00-04:00,9685.85,9687.48,9717.6,9653.33,68592400.0
2022-10-04T00:00:00-04:00,9923.81,9688.16,9923.81,9685.85,89707200.0
2022-10-05T00:00:00-04:00,10010.8,9939.8,10012.0,9923.81,89971600.0
2022-10-10T00:00:00-04:00,9948.53,9940.86,10004.9,9940.86,91177900.0
2022-10-11T00:00:00-04:00,9867.23,9948.53,9962.95,9863.78,72049200.0
2022-10-12T00:00:00-04:00,9800.64,9867.8,9876.21,9746.95,76916700.0
2022-10-13T00:00:00-04:00,9853.74,9800.83,9853.74,9769.0,81587800.0
2022-10-17T00:00:00-04:00,10148.4,10055.9,10153.6,10039.8,103045000.0
2022-10-18T00:00:00-04:00,10163.6,10079.6,10173.6,10079.3,77268200.0
2022-10-19T00:00:00-04:00,10156.3,10165.4,10175.0,10116.5,54662600.0
2022-10-20T00:00:00-04:00,10273.5,10162.4,10277.1,10156.3,63189500.0
2022-10-24T00:00:00-04:00,10320.9,10258.4,10368.5,10258.2,70858800.0
2022-10-25T00:00:00-04:00,10475.0,10320.9,10475.0,10294.2,73429800.0
2022-10-26T00:00:00-04:00,10553.2,10475.9,10581.0,10475.0,105532000.0
2022-10-27T00:00:00-04:00,11072.0,10768.5,11075.4,10553.2,235177000.0
2022-10-31T00:00:00-04:00,11372.8,11131.4,11372.8,11076.6,125211000.0
2022-11-01T00:00:00-04:00,11432.8,11375.5,11440.4,11368.0,157407000.0
2022-11-02T00:00:00-04:00,11242.1,11436.4,11437.2,11238.8,101494000.0
2022-11-03T00:00:00-04:00,11262.4,11242.6,11263.1,11173.2,60747400.0
2022-11-07T00:00:00-05:00,11443.7,11179.7,11444.3,11179.2,68504700.0
2022-11-08T00:00:00-05:00,11268.0,11445.1,11531.1,11250.0,91233700.0
2022-11-09T00:00:00-05:00,11781.6,11269.8,11781.6,11228.9,97406700.0
2022-11-10T00:00:00-05:00,11756.6,11782.1,11816.8,11576.0,102399000.0
2022-11-14T00:00:00-05:00,12136.4,11986.6,12141.3,11973.1,200641000.0
2022-11-15T00:00:00-05:00,12137.0,12146.2,12147.8,12041.6,106642000.0
2022-11-16T00:00:00-05:00,12341.2,12137.8,12344.2,12100.5,185377000.0
2022-11-17T00:00:00-05:00,12515.7,12342.4,12519.4,12341.2,163350000.0
2022-11-21T00:00:00-05:00,12449.9,12525.2,12531.0,12412.6,114290000.0
2022-11-22T00:00:00-05:00,12622.3,12448.8,12642.6,12446.1,138513000.0
2022-11-23T00:00:00-05:00,12600.1,12624.3,12793.9,12598.2,160659000.0
2022-11-24T00:00:00-05:00,12779.4,12600.1,12779.4,12600.1,126087000.0
2022-11-28T00:00:00-05:00,12917.2,13013.9,13049.8,12881.3,162894000.0
2022-11-29T00:00:00-05:00,13184.3,12919.6,13184.3,12917.2,144110000.0
2022-11-30T00:00:00-05:00,13259.3,13185.5,13314.5,13180.3,187733000.0
2022-12-01T00:00:00-05:00,13639.7,13263.1,13645.5,13258.9,197438000.0
2022-12-05T00:00:00-05:00,14327.8,14093.5,14376.4,14078.5,232093000.0
2022-12-06T00:00:00-05:00,14498.3,14327.8,14566.8,14327.8,248901000.0
2022-12-07T00:00:00-05:00,14787.0,14507.2,14914.1,14498.3,359678000.0
2022-12-08T00:00:00-05:00,14838.3,14787.3,14921.3,14575.0,250402000.0
2022-12-12T00:00:00-05:00,14723.7,14586.4,14752.2,14275.0,238958000.0
2022-12-13T00:00:00-05:00,15150.3,14751.4,15186.4,14723.7,386221000.0
2022-12-14T00:00:00-05:00,15378.3,15175.5,15385.5,15111.9,337812000.0
2022-12-15T00:00:00-05:00,15141.5,15379.0,15595.7,15115.4,296159000.0
2022-12-19T00:00:00-05:00,14738.6,14845.3,14917.9,14576.0,239951000.0
2022-12-20T00:00:00-05:00,14523.3,14766.0,14847.6,14520.9,240448000.0
2022-12-21T00:00:00-05:00,14542.0,14527.3,14591.8,14301.8,198655000.0
2022-12-22T00:00:00-05:00,14482.9,14358.2,14756.7,14356.7,198474000.0
2022-12-26T00:00:00-05:00,14560.4,14390.5,14587.1,14385.3,139237000.0
2022-12-27T00:00:00-05:00,14485.2,14566.3,14633.1,14479.9,149988000.0
2022-12-28T00:00:00-05:00,14578.2,14485.8,14616.1,14485.2,122310000.0
2022-12-29T00:00:00-05:00,14598.5,14580.0,14690.9,14559.1,160354000.0
2023-01-02T00:00:00-05:00,14960.7,14598.1,14961.2,14598.1,164718000.0
2023-01-03T00:00:00-05:00,15068.1,14980.6,15175.3,14960.7,248924000.0
2023-01-04T00:00:00-05:00,15557.5,15070.8,15600.1,14598.7,318473000.0
2023-01-05T00:00:00-05:00,16002.2,15665.8,16029.2,15557.5,295032000.0
2023-01-09T00:00:00-05:00,16096.9,16049.7,16275.3,16002.2,301335000.0
2023-01-10T00:00:00-05:00,15462.6,16113.5,16115.2,15460.6,241092000.0
2023-01-11T00:00:00-05:00,15528.1,15393.9,16139.1,15301.9,373789000.0
2023-01-12T00:00:00-05:00,15551.5,15599.0,15799.3,15433.6,216004000.0
2023-01-16T00:00:00-05:00,15837.9,15568.3,15914.3,15561.2,230771000.0
2023-01-17T00:00:00-05:00,15981.9,15856.7,16063.0,15837.9,267096000.0
2023-01-18T00:00:00-05:00,15987.1,16026.9,16087.2,15918.9,229155000.0
2023-01-19T00:00:00-05:00,16066.0,15991.6,16118.9,15987.1,252824000.0
2023-01-23T00:00:00-05:00,16183.5,16126.5,16241.0,16118.9,262159000.0
2023-01-24T00:00:00-05:00,16440.5,16217.0,16440.5,16183.5,195010000.0
2023-01-25T00:00:00-05:00,16791.1,16498.0,16840.1,16440.5,193674000.0
2023-01-30T00:00:00-05:00,17026.6,17444.6,17764.1,17026.6,260053000.0
2023-01-31T00:00:00-05:00,16446.4,17029.0,17034.0,16427.0,173316000.0
2023-02-01T00:00:00-05:00,16407.8,16453.6,16610.2,16282.2,146900000.0
2023-02-02T00:00:00-05:00,16255.7,16423.2,16615.3,16198.5,169113000.0
2023-02-06T00:00:00-05:00,16587.1,16289.1,16587.1,16265.4,140884000.0
2023-02-07T00:00:00-05:00,16900.4,16714.2,16960.3,16587.1,184007000.0
2023-02-08T00:00:00-05:00,16948.1,16901.5,17081.4,16669.0,155679000.0
2023-02-09T00:00:00-05:00,17613.8,16950.2,17613.8,16948.1,180359000.0
2023-02-13T00:00:00-05:00,17214.6,17287.9,17450.5,17113.2,127838000.0
2023-02-14T00:00:00-05:00,17431.0,17221.9,17438.6,17214.6,251517000.0
2023-02-15T00:00:00-05:00,17522.6,17436.2,17657.2,17418.8,224303000.0
2023-02-16T00:00:00-05:00,17488.9,17531.7,17724.8,17488.5,201209000.0
2023-02-20T00:00:00-05:00,16814.0,17326.1,17404.1,16798.7,133238000.0
2023-02-21T00:00:00-05:00,17039.5,16814.2,17052.9,16714.3,117006000.0
2023-02-22T00:00:00-05:00,16777.2,17038.0,17104.3,16672.9,122016000.0
2023-02-23T00:00:00-05:00,17003.9,16779.7,17004.0,16733.1,106954000.0
2023-02-27T00:00:00-05:00,17098.2,17227.6,17359.9,17098.2,162677000.0
2023-02-28T00:00:00-05:00,17002.1,17099.7,17162.2,16906.4,171601000.0
2023-03-01T00:00:00-05:00,17123.0,17004.2,17128.8,16976.8,166100000.0
2023-03-02T00:00:00-05:00,16846.8,17128.0,17183.4,16846.8,117140000.0
2023-03-06T00:00:00-05:00,16803.9,16832.0,17057.0,16803.9,99848200.0
2023-03-07T00:00:00-05:00,16432.6,16805.7,16872.8,16400.1,99498300.0
2023-03-08T00:00:00-05:00,16315.6,16432.9,16532.4,16226.6,103544000.0
2023-03-09T00:00:00-05:00,16454.3,16317.0,16556.1,16283.8,88378600.0
2023-03-13T00:00:00-04:00,15438.5,15962.9,16089.3,15274.7,157597000.0
2023-03-14T00:00:00-04:00,15362.2,15443.1,15506.2,15281.7,101428000.0
2023-03-15T00:00:00-04:00,14724.4,15362.1,15703.9,14706.8,141349000.0
2023-03-16T00:00:00-04:00,14704.2,14723.3,15052.1,14611.8,180989000.0
2023-03-20T00:00:00-04:00,14923.8,14682.0,15165.9,14661.8,127140000.0
2023-03-21T00:00:00-04:00,15325.7,14923.9,15403.9,14923.8,113658000.0
2023-03-22T00:00:00-04:00,15253.2,15325.7,15488.1,15142.1,95822100.0
2023-03-23T00:00:00-04:00,15625.1,15252.9,15625.1,15200.4,81929300.0
2023-03-27T00:00:00-04:00,15950.1,15987.2,16100.6,15902.2,157231000.0
2023-03-28T00:00:00-04:00,15906.4,15951.8,15998.3,15696.6,117322000.0
2023-03-29T00:00:00-04:00,16411.4,15917.7,16411.4,15906.4,154678000.0
2023-03-30T00:00:00-04:00,16418.5,16428.4,16644.7,16284.6,144341000.0
2023-04-03T00:00:00-04:00,17056.9,16703.0,17110.1,16694.5,228281000.0
2023-04-04T00:00:00-04:00,16998.3,17072.8,17111.7,16928.0,214260000.0
2023-04-05T00:00:00-04:00,17019.2,16999.3,17076.8,16962.9,143198000.0
2023-04-06T00:00:00-04:00,16709.3,17017.3,17036.3,16706.9,115687000.0
2023-04-10T00:00:00-04:00,16774.6,16679.6,16838.8,16674.9,170781000.0
2023-04-11T00:00:00-04:00,17011.7,16782.9,17011.7,16774.6,125323000.0
2023-04-12T00:00:00-04:00,16741.5,16886.1,17011.7,16696.8,136765000.0
2023-04-13T00:00:00-04:00,17671.3,16741.8,17681.7,16741.5,126238000.0
2023-04-18T00:00:00-04:00,17539.0,17202.9,17684.1,17175.2,138293000.0
2023-04-19T00:00:00-04:00,17516.0,17564.7,17644.8,17427.5,177569000.0
2023-04-26T00:00:00-04:00,17452.2,17517.9,17557.7,17361.5,147567000.0
2023-04-27T00:00:00-04:00,17796.9,17482.9,17851.2,17452.2,249077000.0
2023-05-01T00:00:00-04:00,17310.8,17667.7,17691.9,17293.7,177161000.0
2023-05-02T00:00:00-04:00,17300.6,17315.9,17367.2,17208.0,132495000.0
2023-05-03T00:00:00-04:00,17295.3,17308.0,17420.5,17205.1,140982000.0
2023-05-08T00:00:00-04:00,17643.0,17241.7,17643.0,17233.2,183730000.0
2023-05-09T00:00:00-04:00,17326.3,17698.1,17832.9,17273.5,252189000.0
2023-05-10T00:00:00-04:00,17494.7,17284.9,17494.7,17204.4,215061000.0
2023-05-11T00:00:00-04:00,17270.7,17498.8,17556.4,17204.9,170673000.0
2023-05-15T00:00:00-04:00,17135.5,17358.2,17523.5,17135.5,186515000.0
2023-05-16T00:00:00-04:00,17034.0,17134.1,17139.5,16903.2,190109000.0
2023-05-17T00:00:00-04:00,16844.0,17037.4,17105.6,16806.6,152590000.0
2023-05-18T00:00:00-04:00,16745.5,16844.4,16875.4,16558.8,141100000.0
2023-05-22T00:00:00-04:00,16764.4,16860.8,17034.9,16748.4,122158000.0
2023-05-23T00:00:00-04:00,16787.7,16765.1,16790.7,16636.9,155955000.0
2023-05-24T00:00:00-04:00,17090.6,16793.4,17090.6,16787.7,174918000.0
2023-05-25T00:00:00-04:00,17043.6,17094.5,17240.7,17042.2,152078000.0
2023-05-29T00:00:00-04:00,17211.8,17126.6,17218.7,17065.0,165582000.0
2023-05-30T00:00:00-04:00,17534.6,17221.4,17545.0,17211.8,250901000.0
2023-05-31T00:00:00-04:00,17495.8,17545.9,17747.1,17495.8,269804000.0
2023-06-01T00:00:00-04:00,17533.3,17497.4,17629.2,17495.8,261471000.0
2023-06-05T00:00:00-04:00,17345.9,17481.3,17570.9,17340.2,311899000.0
2023-06-06T00:00:00-04:00,17491.2,17371.4,17638.0,17345.9,352836000.0
2023-06-07T00:00:00-04:00,17347.6,17512.9,17602.0,17315.7,331487000.0
2023-06-08T00:00:00-04:00,17521.4,17338.6,17521.4,17294.2,180678000.0
2023-06-12T00:00:00-04:00,17704.6,17754.4,17856.3,17654.9,107103000.0
2023-06-13T00:00:00-04:00,17866.8,17766.4,17949.2,17704.6,294668000.0
2023-06-14T00:00:00-04:00,17873.3,17896.3,18056.6,17848.4,245981000.0
2023-06-15T00:00:00-04:00,17881.5,17870.3,17892.3,17739.7,183657000.0
2023-06-19T00:00:00-04:00,17989.0,18024.9,18217.9,17872.6,201131000.0
2023-06-20T00:00:00-04:00,17921.9,17986.8,18071.5,17859.8,138645000.0
2023-06-21T00:00:00-04:00,17706.1,17921.9,17933.5,17677.4,124580000.0
2023-06-22T00:00:00-04:00,17712.9,17706.1,17720.4,17580.0,151618000.0
2023-06-26T00:00:00-04:00,17665.3,17288.8,17666.0,17287.6,118383000.0
2023-07-04T00:00:00-04:00,17466.2,17669.8,17730.0,17375.9,93576300.0
2023-07-05T00:00:00-04:00,17380.3,17485.7,17564.2,17378.1,104716000.0
2023-07-06T00:00:00-04:00,17102.3,17404.9,17430.1,17077.7,116180000.0
2023-07-10T00:00:00-04:00,16963.1,16558.8,16972.6,16544.8,135184000.0
2023-07-11T00:00:00-04:00,17155.2,16974.4,17223.8,16904.0,140619000.0
2023-07-12T00:00:00-04:00,17144.2,17155.2,17205.7,17063.1,134500000.0
2023-07-13T00:00:00-04:00,17342.3,17147.5,17449.5,17144.2,137216000.0
2023-07-17T00:00:00-04:00,17512.0,17354.2,17667.8,17324.4,123569000.0
2023-07-18T00:00:00-04:00,17608.3,17512.1,17671.1,17512.0,139846000.0
2023-07-19T00:00:00-04:00,17578.7,17611.8,17624.3,17530.1,97969200.0
2023-07-24T00:00:00-04:00,17550.2,17578.8,17725.1,17528.5,71906500.0
2023-07-25T00:00:00-04:00,17479.9,17552.0,17761.4,17440.8,108097000.0
2023-07-26T00:00:00-04:00,17396.2,17471.7,17549.1,17393.7,69040700.0
2023-07-27T00:00:00-04:00,17339.1,17396.0,17422.1,17305.0,75721500.0
2023-07-31T00:00:00-04:00,17595.9,17567.8,17630.1,17522.6,121838000.0
2023-08-01T00:00:00-04:00,17514.1,17606.2,17663.9,17499.0,336682000.0
2023-08-02T00:00:00-04:00,17455.6,17522.5,17610.5,17427.9,480960000.0
2023-08-03T00:00:00-04:00,17451.4,17454.4,17507.9,17379.7,294840000.0
2023-08-07T00:00:00-04:00,17839.5,17708.2,17865.8,17697.5,359642000.0
2023-08-08T00:00:00-04:00,17748.9,17840.7,17939.0,17748.9,395741000.0
2023-08-09T00:00:00-04:00,17763.6,17750.9,17911.0,17746.3,299073000.0
2023-08-10T00:00:00-04:00,17710.2,17763.7,17813.1,17683.0,217747000.0
2023-08-14T00:00:00-04:00,17897.5,17867.7,18066.9,17856.1,288831000.0
2023-08-15T00:00:00-04:00,17965.3,17902.2,17978.7,17885.4,188307000.0
2023-08-16T00:00:00-04:00,18062.5,17968.9,18166.7,17936.4,220479000.0
2023-08-17T00:00:00-04:00,17969.3,18065.2,18131.9,17956.9,162621000.0
2023-08-21T00:00:00-04:00,17920.5,18031.2,18124.0,17899.1,187225000.0
2023-08-22T00:00:00-04:00,18216.6,17928.2,18256.9,17920.5,169646000.0
2023-08-23T00:00:00-04:00,18133.4,18229.6,18322.1,18130.2,226101000.0
2023-08-24T00:00:00-04:00,18207.8,18181.7,18237.1,18133.4,193818000.0
2023-08-28T00:00:00-04:00,18584.8,18524.5,18757.5,18516.6,272191000.0
2023-08-29T00:00:00-04:00,18629.3,18590.3,18710.0,18584.8,220658000.0
2023-08-30T00:00:00-04:00,18818.2,18630.0,18832.3,18629.3,150626000.0
2023-08-31T00:00:00-04:00,18873.8,18820.3,18885.0,18726.5,131968000.0
2023-09-04T00:00:00-04:00,18911.0,18834.2,18945.7,18726.0,147933000.0
2023-09-05T00:00:00-04:00,19044.4,18932.0,19146.7,18911.0,173820000.0
2023-09-06T00:00:00-04:00,19224.5,19044.7,19287.5,19044.4,186244000.0
2023-09-07T00:00:00-04:00,19375.7,19224.5,19471.4,19224.5,126024000.0
2023-09-11T00:00:00-04:00,19278.7,19590.1,19601.8,19238.4,199130000.0
2023-09-12T00:00:00-04:00,19144.1,19280.5,19286.2,19112.0,128768000.0
2023-09-13T00:00:00-04:00,19361.7,19145.5,19409.3,19144.1,104044000.0
2023-09-14T00:00:00-04:00,19540.3,19368.6,19642.4,19361.7,143068000.0
2023-09-18T00:00:00-04:00,19751.8,19671.9,19772.2,19586.7,190177000.0
2023-09-19T00:00:00-04:00,19954.3,19757.8,20049.5,19712.2,190782000.0
2023-09-20T00:00:00-04:00,19797.2,19974.6,20264.7,19714.3,210905000.0
2023-09-21T00:00:00-04:00,20080.6,19792.9,20084.0,19692.4,160294000.0
2023-09-25T00:00:00-04:00,20320.6,20224.3,20498.5,20213.7,215197000.0
2023-09-26T00:00:00-04:00,20354.9,20332.8,20531.3,20320.6,209814000.0
2023-09-27T00:00:00-04:00,20174.3,20359.1,20429.4,20086.4,171055000.0
2023-10-02T00:00:00-04:00,19901.2,20067.2,20162.6,19608.7,208968000.0
2023-10-03T00:00:00-04:00,19707.0,19902.0,19927.8,19652.1,115001000.0
2023-10-04T00:00:00-04:00,19873.3,19718.1,19897.3,19661.3,118556000.0
2023-10-09T00:00:00-04:00,19409.8,19357.7,19464.7,19219.0,108627000.0
2023-10-10T00:00:00-04:00,19724.3,19414.9,19749.1,19276.3,132994000.0
2023-10-11T00:00:00-04:00,19653.5,19724.1,19913.9,19643.3,133217000.0
2023-10-12T00:00:00-04:00,20002.1,19661.0,20002.1,19650.7,157883000.0
2023-10-16T00:00:00-04:00,21032.3,20337.9,21329.1,20325.0,274152000.0
2023-10-17T00:00:00-04:00,22074.0,21106.9,22143.6,21032.3,327024000.0
2023-10-18T00:00:00-04:00,22117.4,22162.6,22424.6,21972.3,287018000.0
2023-10-19T00:00:00-04:00,21616.6,22127.2,22217.7,21616.6,244338000.0
2023-10-23T00:00:00-04:00,22572.5,22215.8,22618.2,22128.5,240041000.0
2023-10-24T00:00:00-04:00,22377.4,22430.8,22841.6,21858.2,228864000.0
2023-10-25T00:00:00-04:00,23132.0,22451.8,23228.8,22377.4,348119000.0
2023-10-26T00:00:00-04:00,23262.3,23260.2,23439.8,22911.2,388608000.0
2023-10-30T00:00:00-04:00,23435.7,23116.8,23559.3,23086.7,396069000.0
2023-10-31T00:00:00-04:00,22550.7,23494.8,23573.8,22550.7,375008000.0
2023-11-01T00:00:00-04:00,22433.4,22518.2,22912.3,22201.5,259002000.0
2023-11-02T00:00:00-04:00,22639.6,22514.0,22883.7,22433.4,221601000.0
2023-11-06T00:00:00-05:00,23059.2,23098.2,23246.4,23010.5,336336000.0
2023-11-07T00:00:00-05:00,23393.4,23082.8,23480.6,23059.2,365290000.0
2023-11-08T00:00:00-05:00,23986.6,23432.6,24136.4,23393.4,247476000.0
2023-11-09T00:00:00-05:00,24312.9,23999.7,24543.1,23986.6,290748000.0
2023-11-13T00:00:00-05:00,23955.0,23920.6,24073.8,23694.7,182091000.0
2023-11-14T00:00:00-05:00,23894.1,23987.8,24216.8,23842.8,298908000.0
2023-11-15T00:00:00-05:00,24138.8,23937.1,24197.0,23894.1,274901000.0
2023-11-16T00:00:00-05:00,24383.3,24200.7,24451.9,24138.8,294703000.0
2023-11-20T00:00:00-05:00,24760.0,24914.8,25338.0,24721.6,242589000.0
2023-11-21T00:00:00-05:00,24774.0,24731.0,24774.5,24399.0,216012000.0
2023-11-22T00:00:00-05:00,25029.6,24799.3,25098.6,24774.0,227891000.0
2023-11-23T00:00:00-05:00,25519.5,25072.9,25563.4,25029.6,329533000.0
2023-11-27T00:00:00-05:00,25905.5,25319.1,25945.6,25299.9,376140000.0
2023-11-28T00:00:00-05:00,25121.7,25914.1,25930.1,25119.5,273847000.0
2023-11-29T00:00:00-05:00,24759.2,25121.7,25204.8,24553.4,299240000.0
2023-11-30T00:00:00-05:00,24735.4,24774.7,25019.1,24410.4,281865000.0
2023-12-04T00:00:00-05:00,25265.4,24597.3,25324.0,24572.0,357888000.0
2023-12-05T00:00:00-05:00,25127.9,25311.3,25446.6,24977.6,399974000.0
2023-12-06T00:00:00-05:00,24703.5,25146.8,25312.1,24700.0,280236000.0
2023-12-07T00:00:00-05:00,24686.2,24707.6,24712.7,24055.3,234730000.0
2023-12-11T00:00:00-05:00,24182.1,24156.8,24261.2,23941.0,249975000.0
2023-12-12T00:00:00-05:00,24071.7,24240.6,24414.7,23968.7,203893000.0
2023-12-13T00:00:00-05:00,24773.9,24074.4,24828.1,24071.6,210272000.0
2023-12-14T00:00:00-05:00,24722.8,24820.7,25056.6,24722.3,239113000.0
2023-12-18T00:00:00-05:00,25334.1,24818.4,25422.1,24792.1,204875000.0
2023-12-19T00:00:00-05:00,25076.4,25416.5,25532.2,25074.7,194989000.0
2023-12-20T00:00:00-05:00,24837.6,25120.9,25264.8,24812.8,122179000.0
2023-12-21T00:00:00-05:00,24305.1,24911.4,25077.8,24261.2,172274000.0
2023-12-25T00:00:00-05:00,24226.7,23833.8,24262.1,23728.2,163863000.0
2023-12-26T00:00:00-05:00,23994.5,24243.2,24408.4,23857.3,229162000.0
2023-12-27T00:00:00-05:00,24351.1,24030.5,24481.3,23994.5,178665000.0
2023-12-28T00:00:00-05:00,24691.4,25411.2,25780.7,24351.1,199102000.0
2024-01-02T00:00:00-05:00,25501.9,24939.4,25501.9,24894.3,184285000.0
2024-01-03T00:00:00-05:00,25408.5,25545.3,25653.2,25381.9,309399000.0
2024-01-04T00:00:00-05:00,25350.3,25412.2,25479.2,25323.3,189078000.0
2024-01-08T00:00:00-05:00,25344.6,25350.4,25495.5,25277.0,149771000.0
2024-01-09T00:00:00-05:00,25590.0,25367.9,25625.0,25344.6,206907000.0
2024-01-10T00:00:00-05:00,25466.8,25623.4,25708.4,25466.8,163370000.0
2024-01-11T00:00:00-05:00,25519.2,25466.9,25576.1,25367.6,170770000.0
2024-01-15T00:00:00-05:00,26250.7,26108.6,26377.4,25974.8,201496000.0
2024-01-16T00:00:00-05:00,26938.1,26269.8,26938.1,26250.7,290361000.0
2024-01-17T00:00:00-05:00,26758.3,27053.8,27170.0,26755.9,266312000.0
2024-01-18T00:00:00-05:00,26842.7,26800.4,26931.6,26669.8,194420000.0
2024-01-22T00:00:00-05:00,28050.3,27836.0,28121.1,27719.4,489312000.0
2024-01-23T00:00:00-05:00,27587.0,28074.1,28105.4,27536.1,434080000.0
2024-01-24T00:00:00-05:00,27666.2,27614.6,27702.5,27465.0,345100000.0
2024-01-29T00:00:00-05:00,29227.801,28740.5,29431.6,28625.801,281636000.0
2024-01-30T00:00:00-05:00,30347.301,29275.0,30349.0,29193.9,324388000.0
2024-01-31T00:00:00-05:00,28281.9,30431.301,30696.0,28224.4,415493000.0
2024-02-01T00:00:00-05:00,28434.4,28113.6,28486.9,26459.6,241287000.0
2024-02-05T00:00:00-05:00,27665.801,27653.801,27905.301,27500.6,338557000.0
2024-02-06T00:00:00-05:00,27270.6,27763.699,27884.4,27032.801,367850000.0
2024-02-07T00:00:00-05:00,27906.0,27364.4,28281.1,27270.6,278978000.0
2024-02-08T00:00:00-05:00,28411.4,28041.301,28422.801,27864.301,243425000.0
2024-02-12T00:00:00-05:00,28494.699,28327.9,28690.5,27681.199,208062000.0
2024-02-13T00:00:00-05:00,28604.5,28545.5,28839.4,28306.6,353480000.0
2024-02-14T00:00:00-05:00,28875.0,28633.699,28973.4,28601.5,503060000.0
2024-02-15T00:00:00-05:00,28926.199,28994.301,29073.5,28810.301,481268000.0
2024-02-19T00:00:00-05:00,29452.4,29144.801,29498.5,29104.4,354353000.0
2024-02-20T00:00:00-05:00,29330.699,29485.4,29660.6,29323.801,500744000.0
2024-02-21T00:00:00-05:00,29292.0,29350.5,29497.6,29150.801,302288000.0
2024-02-22T00:00:00-05:00,29309.699,29315.6,29475.801,29211.801,227956000.0
2024-02-26T00:00:00-05:00,28931.9,27954.801,29341.301,27806.5,432942000.0
2024-02-27T00:00:00-05:00,29205.199,29098.4,30052.0,28931.9,475075000.0
2024-02-28T00:00:00-05:00,28876.5,29229.5,29793.199,28868.4,288021000.0
2024-02-29T00:00:00-05:00,28964.4,28979.4,29197.199,28356.301,233527000.0
2024-03-04T00:00:00-05:00,30542.301,29231.801,30645.9,29058.301,364839000.0
2024-03-05T00:00:00-05:00,30668.9,30739.6,31163.199,30132.301,371967000.0
2024-03-06T00:00:00-05:00,29743.1,31026.4,32219.801,29743.1,433389000.0
2024-03-07T00:00:00-05:00,31300.5,30232.801,31300.5,29743.1,287311000.0
2024-03-11T00:00:00-04:00,33382.5,33070.199,34501.898,32919.898,357310000.0
2024-03-12T00:00:00-04:00,32661.6,33218.5,33393.699,31978.801,249441000.0
2024-03-13T00:00:00-04:00,31013.9,32756.9,32761.9,30485.199,324645000.0
2024-03-14T00:00:00-04:00,31316.4,30989.301,31597.801,29959.199,215080000.0
2024-03-18T00:00:00-04:00,29091.301,31059.4,31068.6,29074.5,250349000.0
2024-03-19T00:00:00-04:00,28675.699,28972.301,29091.301,28166.199,206618000.0
2024-03-20T00:00:00-04:00,28589.4,28822.4,29229.699,28543.0,177695000.0
2024-03-21T00:00:00-04:00,29055.0,28609.5,29097.699,28280.301,258510000.0
2024-03-25T00:00:00-04:00,29344.5,29060.1,29364.801,28935.9,196526000.0
2024-03-26T00:00:00-04:00,29057.5,29449.301,29538.5,28983.0,211156000.0
2024-03-27T00:00:00-04:00,28224.4,29074.699,29114.1,28054.199,160630000.0
2024-03-28T00:00:00-04:00,27559.301,28188.1,28227.9,27543.801,151059000.0
2024-04-01T00:00:00-04:00,28297.199,26898.301,28297.199,26883.4,199765000.0
2024-04-02T00:00:00-04:00,27934.4,28366.301,28659.1,27934.4,217542000.0
2024-04-03T00:00:00-04:00,27937.199,27895.301,27979.9,27643.5,141798000.0
2024-04-04T00:00:00-04:00,28506.199,27987.9,28619.0,27937.199,214653000.0
2024-04-08T00:00:00-04:00,28503.801,28164.5,28557.6,28130.5,119880000.0
2024-04-15T00:00:00-04:00,29616.5,28522.801,29667.4,28503.0,248377000.0
2024-04-16T00:00:00-04:00,29400.801,29642.6,29797.199,29387.6,344617000.0
2024-04-17T00:00:00-04:00,29667.699,29404.1,29867.4,29400.6,295534000.0
2024-04-18T00:00:00-04:00,28332.699,29676.699,30072.1,27793.6,385152000.0
2024-04-22T00:00:00-04:00,28144.199,28604.801,28849.699,28144.199,227619000.0
2024-04-23T00:00:00-04:00,26777.0,28161.699,28167.5,26753.4,305680000.0
2024-04-24T00:00:00-04:00,25917.6,26767.9,26785.1,25501.699,338658000.0
2024-04-29T00:00:00-04:00,26011.301,24637.199,26011.301,24637.199,220162000.0
2024-04-30T00:00:00-04:00,24448.699,26014.0,26097.6,24408.1,264221000.0
2024-05-01T00:00:00-04:00,25270.5,24450.199,25296.0,24192.4,182434000.0
2024-05-02T00:00:00-04:00,26113.699,25281.301,26168.5,25188.699,189621000.0
2024-05-07T00:00:00-04:00,26429.699,26082.699,26432.699,25637.801,240195000.0
2024-05-08T00:00:00-04:00,25988.9,26726.801,26942.5,25889.0,385037000.0
2024-05-09T00:00:00-04:00,26003.199,26001.199,26273.699,25845.0,257576000.0
2024-05-13T00:00:00-04:00,25381.199,25154.9,25395.1,24771.801,226229000.0
2024-05-14T00:00:00-04:00,25339.801,25378.9,25654.301,25216.301,181397000.0
2024-05-15T00:00:00-04:00,25316.1,25399.4,25481.0,25169.199,248414000.0
2024-05-16T00:00:00-04:00,26142.801,25316.199,26228.0,25316.1,258877000.0
2024-05-20T00:00:00-04:00,27228.801,27428.801,27636.6,27170.1,214787000.0
2024-05-21T00:00:00-04:00,27224.801,27246.1,27616.0,27224.5,268044000.0
2024-05-22T00:00:00-04:00,27227.4,27225.0,27443.1,26963.801,213126000.0
2024-05-23T00:00:00-04:00,27205.1,27269.1,27415.6,27196.801,236416000.0
2024-05-27T00:00:00-04:00,27287.301,27523.1,27689.699,27266.801,268805000.0
2024-05-28T00:00:00-04:00,27194.5,27177.699,27296.9,26822.1,277389000.0
2024-05-29T00:00:00-04:00,27089.699,27209.1,27391.9,26976.199,241353000.0
2024-05-30T00:00:00-04:00,26922.801,27095.801,27144.0,26684.0,352591000.0
2024-06-03T00:00:00-04:00,26834.5,26883.301,27003.5,26760.199,267856000.0
2024-06-04T00:00:00-04:00,26973.0,26838.1,27170.9,26834.5,246292000.0
2024-06-05T00:00:00-04:00,26634.301,26923.9,26973.0,26241.5,240858000.0
2024-06-06T00:00:00-04:00,26428.699,26572.301,26656.301,26356.0,140623000.0
2024-06-10T00:00:00-04:00,25896.6,25662.9,25897.4,25508.6,117656000.0
2024-06-11T00:00:00-04:00,26082.301,25871.301,26350.5,25869.301,219081000.0
2024-06-12T00:00:00-04:00,26133.4,26079.4,26303.5,26037.6,142228000.0
2024-06-13T00:00:00-04:00,26417.6,26136.199,26567.5,26133.4,151229000.0
2024-06-24T00:00:00-04:00,26902.4,27106.199,27308.199,26902.4,183488000.0
2024-06-25T00:00:00-04:00,27264.199,26890.801,27278.699,26747.9,143561000.0
2024-06-26T00:00:00-04:00,27500.6,27265.699,27601.1,27238.0,380971000.0
2024-06-27T00:00:00-04:00,27766.301,27499.6,27939.699,27495.5,270227000.0
2024-07-01T00:00:00-04:00,27969.6,27844.5,28139.4,27766.301,212531000.0
2024-07-02T00:00:00-04:00,27985.9,27989.699,28175.199,27925.4,299382000.0
2024-07-03T00:00:00-04:00,28161.199,28027.199,28374.6,27985.9,227048000.0
2024-07-04T00:00:00-04:00,28364.801,28166.4,28460.6,28151.699,163639000.0
2024-07-08T00:00:00-04:00,28411.9,28618.301,28886.801,28342.6,215757000.0
2024-07-09T00:00:00-04:00,28466.199,28411.4,28519.801,28258.9,152939000.0
2024-07-10T00:00:00-04:00,28288.0,28487.301,28702.0,28251.5,200406000.0
2024-07-15T00:00:00-04:00,27952.0,28043.301,28199.9,27917.5,160538000.0
2024-07-16T00:00:00-04:00,27828.9,27952.699,28095.199,27785.699,151667000.0
2024-07-17T00:00:00-04:00,28340.4,27848.6,28348.1,27828.9,156303000.0
2024-07-18T00:00:00-04:00,28653.801,28398.699,28832.801,28340.4,247017000.0
2024-07-22T00:00:00-04:00,28992.301,28799.4,29223.301,28783.199,264049000.0
2024-07-23T00:00:00-04:00,29195.199,28995.5,29285.801,28924.0,218381000.0
2024-07-24T00:00:00-04:00,29090.6,29208.0,29376.199,29057.301,206431000.0
2024-07-29T00:00:00-04:00,28851.199,29036.9,29317.6,28851.199,186275000.0
2024-07-30T00:00:00-04:00,29039.4,28854.199,29059.301,28851.199,185992000.0
2024-07-31T00:00:00-04:00,29378.801,29052.1,29389.5,29039.4,142446000.0
2024-08-01T00:00:00-04:00,29359.9,29390.199,29674.6,29332.301,158030000.0
2024-08-02T00:00:00-04:00,29359.9,29381.7,29674.6,29332.3,158030000.0
2024-08-05T00:00:00-04:00,27840.6,28153.199,28503.6,27125.1,172984000.0
2024-08-06T00:00:00-04:00,28210.4,27862.699,28292.1,27840.6,89068100.0
2024-08-07T00:00:00-04:00,28628.199,28244.1,28628.199,28210.4,110705000.0
2024-08-08T00:00:00-04:00,28750.801,28634.4,28971.0,28488.699,107594000.0
2024-08-12T00:00:00-04:00,29706.699,29597.4,30007.199,29532.699,197269000.0
2024-08-13T00:00:00-04:00,29331.0,29702.801,29792.1,29304.9,97339400.0
2024-08-14T00:00:00-04:00,29567.0,29332.699,29668.1,29331.0,113770000.0
2024-08-15T00:00:00-04:00,29629.1,29586.199,29834.4,29465.9,167449000.0
2024-08-19T00:00:00-04:00,29320.199,29472.5,29532.9,29238.801,146771000.0
2024-08-20T00:00:00-04:00,29915.199,29323.5,29918.199,29319.5,154359000.0
2024-08-21T00:00:00-04:00,29914.301,29956.9,30020.5,29756.6,230499000.0
2024-08-22T00:00:00-04:00,30141.1,29914.801,30174.9,29844.6,229674000.0
2024-08-26T00:00:00-04:00,30133.801,30077.699,30305.1,29952.801,275217000.0
2024-08-27T00:00:00-04:00,30363.199,30077.199,30570.699,30072.301,315518000.0
2024-08-28T00:00:00-04:00,30709.6,30372.199,30742.801,30363.199,176225000.0
2024-08-29T00:00:00-04:00,30774.199,30733.5,30912.1,30614.0,310758000.0
2024-09-02T00:00:00-04:00,30732.0,30919.9,31221.9,30705.9,266523000.0
2024-09-03T00:00:00-04:00,31018.5,30728.5,31162.4,30722.801,172416000.0
2024-09-04T00:00:00-04:00,30998.199,30972.301,31018.5,30648.699,146310000.0
2024-09-05T00:00:00-04:00,31029.699,30997.0,31177.1,30979.9,131521000.0
2024-09-06T00:00:00-04:00,31029.7,30998.0,31177.1,30979.9,131521000.0
2024-09-09T00:00:00-04:00,30375.0,30272.699,30520.4,30227.1,152487000.0
2024-09-10T00:00:00-04:00,30104.301,30386.5,30511.9,30075.199,167442000.0
2024-09-11T00:00:00-04:00,30485.6,30102.801,30565.6,29801.301,167442000.0
2024-09-12T00:00:00-04:00,30497.8,30497.1,30689.9,30471.7,148051000.0
2024-09-16T00:00:00-04:00,30260.2,30511.8,30711.9,30247.6,141331000.0
2024-09-17T00:00:00-04:00,30159.2,30260.5,30459.9,30116.2,141331000.0
2024-09-18T00:00:00-04:00,30342.5,30160.6,30361.8,30097.0,228027000.0
2024-09-19T00:00:00-04:00,30937.7,30369.1,30941.2,30342.5,228027000.0
2024-09-20T00:00:00-04:00,30937.7,30369.1,30941.2,30342.5,228027000.0
2024-09-23T00:00:00-04:00,31022.5,31046.3,31203.2,30944.5,166442000.0
2024-09-24T00:00:00-04:00,30871.1,31030.3,31087.8,30818.3,184159000.0
2024-09-25T00:00:00-04:00,31250.6,30878.6,31250.8,30871.1,184159000.0
2024-09-26T00:00:00-04:00,31276.9,31261.4,31475.3,31204.9,180428000.0
2024-09-30T00:00:00-04:00,31587.0,31493.8,31720.8,31444.5,163404000.0
2024-10-01T00:00:00-04:00,31866.1,31609.5,31915.3,31582.2,180613000.0
2024-10-02T00:00:00-04:00,31332.7,31813.6,31866.1,31253.6,178626000.0
2024-10-03T00:00:00-04:00,31720.5,31352.2,31724.2,31332.7,141776000.0
2024-10-04T00:00:00-04:00,31720.5,31352.2,31724.2,31332.7,141776000.0
2024-10-07T00:00:00-04:00,31819.2,31823.6,32184.7,31720.5,146245000.0
2024-10-08T00:00:00-04:00,31819.2,31823.6,32184.7,31720.5,210627000.0
2024-10-09T00:00:00-04:00,30851.6,31803.0,31826.5,30452.8,210627000.0
2024-10-10T00:00:00-04:00,31175.4,30865.8,31206.3,30654.6,155586000.0
2024-10-11T00:00:00-04:00,30762.3,31211.5,31333.0,30762.2,155586000.0
2024-10-14T00:00:00-04:00,29954.1,30826.2,30884.1,29795.1,126145000.0
2024-10-15T00:00:00-04:00,30273.1,29953.5,30344.8,29676.9,126145000.0
2024-10-16T00:00:00-04:00,30584.2,30280.7,30621.5,30273.1,147532000.0
2024-10-17T00:00:00-04:00,30545.1,30751.8,31041.5,30545.1,147532000.0
2024-10-18T00:00:00-04:00,30143.9,30553.3,30605.7,30100.3,98481700.0
2024-10-21T00:00:00-04:00,29528.8,30134.6,30288.0,29518.4,125785000.0
2024-10-22T00:00:00-04:00,30445.2,29542.4,30445.2,29180.4,125785000.0
2024-10-23T00:00:00-04:00,30427.3,30368.6,30537.8,30220.5,177846000.0
2024-10-24T00:00:00-04:00,30414.0,30507.2,30588.0,30327.5,177846000.0
2024-10-25T00:00:00-04:00,30552.8,30445.8,30628.0,30359.5,113787000.0
2024-10-28T00:00:00-04:00,30812.2,30594.5,30905.0,30552.8,110298000.0
2024-10-29T00:00:00-04:00,30773.5,30843.1,30981.1,30634.3,113224000.0
2024-10-30T00:00:00-04:00,30620.0,30785.0,30856.3,30527.0,113224000.0
2024-10-31T00:00:00-04:00,30371.3,30629.0,30726.0,30371.3,103798000.0
2024-11-01T00:00:00-04:00,30658.0,30379.0,30732.6,30371.3,103798000.0
2024-11-04T00:00:00-05:00,30833.1,30705.2,30978.9,30658.0,103525000.0
2024-11-05T00:00:00-05:00,30650.0,30834.3,31074.6,30650.0,103525000.0
2024-11-06T00:00:00-05:00,30793.9,30652.9,30821.0,30650.0,110759000.0
2024-11-07T00:00:00-05:00,31045.3,30833.0,31120.8,30793.9,119509000.0
2024-11-08T00:00:00-05:00,31267.5,31064.7,31370.7,31045.3,119509000.0
2024-11-10T00:00:00-05:00,31394.30078,31293.90039,31514.59961,31267.5,76670100.0
2024-11-11T00:00:00-05:00,31394.3,31293.9,31514.6,31267.5,137855000.0
2024-11-12T00:00:00-05:00,31621.3,31409.8,31621.3,31394.3,167839000.0
2024-11-13T00:00:00-05:00,31582.4,31708.7,31806.8,31489.0,167839000.0
2024-11-14T00:00:00-05:00,31433.0,31592.8,31687.7,31424.6,105890000.0
2024-11-15T00:00:00-05:00,31462.2,31440.6,31582.2,31433.0,67675400.0
2024-11-17T00:00:00-05:00,31252.09961,31484.59961,31492.5,31205.40039,71160200.0
2024-11-18T00:00:00-05:00,31252.1,31484.6,31492.5,31205.4,105242000.0
2024-11-19T00:00:00-05:00,30864.3,31254.7,31359.7,30863.2,105242000.0
2024-11-20T00:00:00-05:00,30688.3,30877.3,30898.7,30687.8,80665300.0
2024-11-21T00:00:00-05:00,30588.0,30692.7,30783.6,30503.3,72731200.0
2024-11-22T00:00:00-05:00,30631.8,30598.2,30795.3,30588.0,72731200.0
2024-11-24T00:00:00-05:00,30397.19922,30631.19922,30780.40039,30397.19922,63367300.0
2024-11-25T00:00:00-05:00,30397.2,30631.2,30780.4,30397.2,90974400.0
2024-11-26T00:00:00-05:00,30270.5,30397.1,30585.4,30169.4,90974400.0
2024-11-27T00:00:00-05:00,30284.3,30236.8,30351.9,30167.3,74562600.0
2024-11-28T00:00:00-05:00,29846.0,30158.9,30300.8,29846.0,71737700.0
2024-11-29T00:00:00-05:00,30242.1,29846.6,30251.3,29763.7,66347900.0
2024-12-01T00:00:00-05:00,30497.09961,30242.80078,30521.19922,30242.09961,111273000.0
2024-12-02T00:00:00-05:00,30497.1,30242.8,30521.2,30242.1,147138000.0
2024-12-03T00:00:00-05:00,30525.3,30502.3,30675.4,30429.5,147138000.0
2024-12-04T00:00:00-05:00,30628.7,30532.5,30642.5,30525.3,123614000.0
2024-12-05T00:00:00-05:00,30832.6,30636.0,31005.2,30628.7,123614000.0
2024-12-06T00:00:00-05:00,30839.6,30857.0,31035.9,30824.1,112516000.0
2024-12-08T00:00:00-05:00,31060.5,30878.30078,31233.0,30839.59961,120188000.0
2024-12-09T00:00:00-05:00,31060.5,30878.3,31233.0,30839.6,143140000.0
2024-12-10T00:00:00-05:00,31005.1,31090.3,31185.2,30977.1,143140000.0
2024-12-11T00:00:00-05:00,30617.8,31037.1,31067.1,30614.5,98944000.0
2024-12-12T00:00:00-05:00,30739.3,30616.3,30807.8,30581.5,83310500.0
2024-12-13T00:00:00-05:00,30795.1,30745.8,30879.4,30739.3,68908100.0
2024-12-15T00:00:00-05:00,30776.0,30800.90039,30836.19922,30621.09961,87497200.0
2024-12-16T00:00:00-05:00,30776.0,30800.9,30836.2,30621.1,99165200.0
2024-12-17T00:00:00-05:00,30799.4,30785.7,30918.2,30682.7,99165200.0
2024-12-18T00:00:00-05:00,30601.6,30801.0,30933.3,30601.6,87934800.0
2024-12-19T00:00:00-05:00,30503.1,30601.6,30807.7,30451.0,94123900.0
2024-12-20T00:00:00-05:00,30526.7,30492.1,30555.1,30211.6,94123900.0
2024-12-22T00:00:00-05:00,30372.69922,30530.90039,30626.59961,30365.69922,49699300.0
2024-12-23T00:00:00-05:00,30372.7,30530.9,30626.6,30365.7,88369500.0
2024-12-24T00:00:00-05:00,30118.4,30398.7,30443.9,30105.0,88369500.0
2024-12-25T00:00:00-05:00,29973.2,30121.6,30165.9,29810.4,90646400.0
2024-12-26T00:00:00-05:00,30005.0,29974.6,30164.7,29969.1,90646400.0
2024-12-27T00:00:00-05:00,29958.0,30005.4,30039.6,29936.8,53506300.0
2024-12-29T00:00:00-05:00,29594.5,29960.09961,30033.80078,29593.5,71232200.0
2024-12-30T00:00:00-05:00,29594.5,29960.1,30033.8,29593.5,97646600.0
2024-12-31T00:00:00-05:00,29325.2,29591.7,29700.8,29237.9,102620000.0
2025-01-01T00:00:00-05:00,29740.6,29344.8,29740.6,29325.2,102620000.0
2025-01-02T00:00:00-05:00,30060.5,29745.5,30127.59961,29740.59961,85063100.0
2025-01-03T00:00:00-05:00,30060.5,29745.5,30127.6,29740.6,85063100.0
2025-01-05T00:00:00-05:00,30183.59961,30060.0,30280.5,30060.0,72234200.0
2025-01-06T00:00:00-05:00,30183.6,30060.0,30280.5,30060.0,113556000.0
2025-01-07T00:00:00-05:00,29929.6,30194.7,30238.3,29905.6,113556000.0
2025-01-08T00:00:00-05:00,29785.90039,29934.5,29951.09961,29669.40039,68347500.0
2025-01-09T00:00:00-05:00,29785.9,29934.5,29951.1,29669.4,68347500.0
2025-01-10T00:00:00-05:00,29444.7,29773.7,29894.5,29444.6,59065000.0
2025-01-12T00:00:00-05:00,29277.5,29413.80078,29444.69922,28968.69922,75920300.0
2025-01-13T00:00:00-05:00,29277.5,29413.8,29444.7,28968.7,93270700.0
2025-01-14T00:00:00-05:00,28556.3,29287.8,29587.4,28556.3,105462000.0
2025-01-15T00:00:00-05:00,28967.1,28529.3,29097.4,28350.0,128560000.0
2025-01-16T00:00:00-05:00,29389.9,29025.4,29395.7,28967.1,128560000.0
2025-01-17T00:00:00-05:00,29605.1,29423.1,29739.4,29389.9,90699500.0
2025-01-19T00:00:00-05:00,29728.59961,29639.09961,29840.5,29605.09961,90295500.0
2025-01-20T00:00:00-05:00,29728.6,29639.1,29840.5,29605.1,90295500.0
2025-01-21T00:00:00-05:00,29619.4,29730.0,29857.2,29610.9,88870600.0
2025-01-22T00:00:00-05:00,29826.6,29618.8,29826.6,29607.1,106300000.0
2025-01-23T00:00:00-05:00,29979.1,29828.5,30178.7,29826.6,106300000.0
2025-01-24T00:00:00-05:00,29997.7,29984.8,30259.1,29943.8,71447600.0
2025-01-26T00:00:00-05:00,30034.80078,29995.30078,30276.5,29995.19922,76042000.0
2025-01-27T00:00:00-05:00,30034.8,29995.3,30276.5,29995.2,90867600.0
2025-01-28T00:00:00-05:00,29742.1,30024.6,30091.0,29725.4,90867600.0
2025-01-29T00:00:00-05:00,29646.6,29743.3,29900.2,29646.6,112708000.0
2025-01-30T00:00:00-05:00,29891.6,29667.4,29982.3,29646.6,127576000.0
2025-01-31T00:00:00-05:00,30010.6,29912.0,30127.3,29891.6,127576000.0
2025-02-02T00:00:00-05:00,29918.0,30011.40039,30198.19922,29918.0,103165000.0
2025-02-03T00:00:00-05:00,29918.0,30011.4,30198.2,29918.0,152058000.0
2025-02-04T00:00:00-05:00,29754.8,29929.5,30001.2,29698.8,152058000.0
2025-02-05T00:00:00-05:00,29668.5,29760.3,29937.4,29666.8,135048000.0
2025-02-06T00:00:00-05:00,29735.6,29675.6,29772.6,29596.5,103710000.0
2025-02-07T00:00:00-05:00,30011.8,29750.9,30013.5,29735.6,83497800.0
2025-02-09T00:00:00-05:00,30014.30078,30064.5,30202.0,29948.5,104366000.0
2025-02-10T00:00:00-05:00,30014.3,30064.5,30202.0,29948.5,104366000.0
2025-02-11T00:00:00-05:00,29905.4,30030.2,30224.3,29900.9,117396000.0
2025-02-12T00:00:00-05:00,29564.2,29912.7,29940.5,29454.0,117396000.0
2025-02-13T00:00:00-05:00,29662.0,29557.3,29663.6,29040.9,101697000.0
2025-02-14T00:00:00-05:00,29997.1,29668.6,30003.4,29662.0,88235200.0
2025-02-16T00:00:00-05:00,30443.80078,30031.19922,30500.0,29997.09961,132060000.0
2025-02-17T00:00:00-05:00,30443.8,30031.2,30500.0,29997.1,207564000.0
2025-02-18T00:00:00-05:00,30436.7,30449.5,30710.7,30376.6,207564000.0
2025-02-19T00:00:00-05:00,30587.8,30470.3,30616.7,30427.7,249938000.0
2025-02-20T00:00:00-05:00,30875.3,30588.8,30895.1,30587.8,249938000.0
2025-02-21T00:00:00-05:00,30914.7,30911.0,30990.5,30842.7,245539000.0
2025-02-23T00:00:00-05:00,31010.19922,30923.30078,31055.0,30749.19922,109445000.0
2025-02-24T00:00:00-05:00,31010.2,30923.3,31055.0,30749.2,109445000.0
2025-02-25T00:00:00-05:00,30925.3,31043.8,31056.4,30824.6,177541000.0
2025-02-26T00:00:00-05:00,30654.9,30938.4,30979.2,30596.2,177541000.0
2025-02-27T00:00:00-05:00,30632.0,30655.3,30810.0,30620.3,184508000.0
2025-02-28T00:00:00-05:00,30610.4,30645.6,30795.0,30561.2,184508000.0
2025-03-02T00:00:00-05:00,30857.80078,30654.90039,30949.59961,30610.40039,109412000.0
2025-03-03T00:00:00-05:00,30857.8,30654.9,30949.6,30610.4,137140000.0
2025-03-04T00:00:00-05:00,30988.5,30858.0,31095.6,30857.8,137140000.0
2025-03-05T00:00:00-05:00,30762.8,30989.4,31084.0,30757.5,127550000.0
2025-03-06T00:00:00-05:00,30876.4,30762.7,30878.0,30645.4,115963000.0
2025-03-07T00:00:00-05:00,30947.4,30876.4,30976.1,30868.2,115068000.0
2025-03-09T00:00:00-05:00,31130.69922,30969.69922,31212.5,30947.40039,165596000.0
2025-03-10T00:00:00-04:00,31130.7,30969.7,31212.5,30947.4,165596000.0
2025-03-11T00:00:00-04:00,31137.0,31135.9,31227.4,31048.9,146069000.0
2025-03-12T00:00:00-04:00,30935.2,31120.6,31137.0,30827.7,164214000.0
2025-03-13T00:00:00-04:00,31049.0,30938.1,31157.8,30935.2,176839000.0
2025-03-14T00:00:00-04:00,31290.6,31081.8,31332.3,31049.0,176839000.0
2025-03-16T00:00:00-04:00,31338.30078,31294.0,31549.0,31290.59961,171988000.0
2025-03-17T00:00:00-04:00,31338.3,31294.0,31549.0,31290.6,171988000.0
2025-03-18T00:00:00-04:00,31458.6,31360.0,31480.4,31243.4,244387000.0
2025-03-19T00:00:00-04:00,31608.7,31474.5,31615.3,31415.7,244387000.0
2025-03-20T00:00:00-04:00,31348.5,31635.5,31653.5,31343.4,206757000.0
2025-03-21T00:00:00-04:00,31677.6,31355.8,31782.7,31348.5,143291000.0
2025-03-23T00:00:00-04:00,31933.80078,31676.59961,32022.19922,31675.80078,99082700.0
2025-03-24T00:00:00-04:00,31933.8,31676.6,32022.2,31675.8,99082700.0
2025-03-25T00:00:00-04:00,31811.0,31942.2,32073.0,31755.7,101849000.0
2025-03-26T00:00:00-04:00,31762.0,31819.5,31879.2,31762.0,120570000.0
2025-03-27T00:00:00-04:00,31744.3,31765.7,31829.2,31566.3,120570000.0
2025-03-28T00:00:00-04:00,32026.1,31743.6,32026.1,31743.6,94711800.0
2025-04-03T00:00:00-04:00,31699.6,32006.4,32042.2,31606.3,60041100.0
2025-04-04T00:00:00-04:00,31699.6,32006.4,32042.2,31606.3,60041100.0
2025-04-06T00:00:00-04:00,30639.5,30443.4,31699.6,30257.1,195373000.0
2025-04-07T00:00:00-04:00,30639.5,30443.4,31699.6,30257.1,195373000.0
2025-04-08T00:00:00-04:00,30453.9,30534.2,30639.5,29993.3,178379000.0
2025-04-09T00:00:00-04:00,30649.0,30391.9,30747.5,30316.8,146696000.0
2025-04-10T00:00:00-04:00,30079.9,30646.6,30656.5,30011.2,146696000.0
2025-04-11T00:00:00-04:00,30810.7,30694.5,30812.7,30079.9,123852000.0
2025-04-13T00:00:00-04:00,31174.6,30820.7,31184.9,30793.5,92472900.0
2025-04-14T00:00:00-04:00,31174.6,30820.7,31184.9,30793.5,169661000.0
2025-04-15T00:00:00-04:00,31182.4,31195.5,31326.2,31168.6,169661000.0
2025-04-16T00:00:00-04:00,31185.0,31103.8,31287.6,31086.1,152642000.0
2025-04-17T00:00:00-04:00,31030.7,31176.4,31203.6,30926.9,135384000.0
2025-04-18T00:00:00-04:00,31063.0,31026.3,31064.7,30860.5,111199000.0
2025-04-22T00:00:00-04:00,30844.2,31070.1,31100.2,30839.7,112201000.0
2025-04-23T00:00:00-04:00,30844.2,31070.1,31100.2,30839.7,193540000.0
2025-04-24T00:00:00-04:00,31640.2,30856.1,31640.2,30844.2,193540000.0
2025-04-27T00:00:00-04:00,31855.1,31620.6,31885.2,31592.5,232393000.0
2025-04-28T00:00:00-04:00,31855.1,31620.6,31885.2,31592.5,232393000.0
2025-04-29T00:00:00-04:00,32015.0,31870.0,32048.7,31768.2,179465000.0
2025-04-30T00:00:00-04:00,32043.5,32082.7,32218.7,32015.0,144398000.0
2025-05-01T00:00:00-04:00,32126.2,32051.2,32138.0,31962.8,143744000.0
2025-05-04T00:00:00-04:00,32351.7,32127.0,32432.7,32126.2,187146000.0
2025-05-05T00:00:00-04:00,32351.7,32127.0,32432.7,32126.2,206782000.0
2025-05-06T00:00:00-04:00,32211.8,32297.2,32480.5,32204.1,206782000.0
2025-05-07T00:00:00-04:00,32285.5,32215.2,32451.8,32211.8,283921000.0
2025-05-08T00:00:00-04:00,31840.4,32285.7,32476.8,31829.6,283921000.0
2025-05-09T00:00:00-04:00,31772.0,31834.8,31928.9,31636.9,142950000.0
2025-05-11T00:00:00-04:00,31428.0,31789.0,32022.6,31415.7,119040000.0
2025-05-12T00:00:00-04:00,31428.0,31789.0,32022.6,31415.7,119040000.0
2025-05-13T00:00:00-04:00,31577.0,31432.2,31863.5,31428.0,115130000.0
2025-05-14T00:00:00-04:00,31692.8,31579.8,31901.3,31577.0,168320000.0
2025-05-15T00:00:00-04:00,31827.9,31698.8,31827.9,31622.6,168320000.0
2025-05-16T00:00:00-04:00,31941.2,31838.1,31941.2,31792.8,102902000.0
2025-05-18T00:00:00-04:00,31713.7,31955.0,32093.0,31701.9,104022000.0
2025-05-19T00:00:00-04:00,31713.7,31955.0,32093.0,31701.9,104022000.0
2025-05-20T00:00:00-04:00,31355.8,31716.8,31721.7,31317.2,299505000.0
2025-05-21T00:00:00-04:00,31629.3,31356.9,31662.2,31353.0,299505000.0
2025-05-22T00:00:00-04:00,31836.6,31639.1,31903.1,31529.6,330225000.0
2025-05-23T00:00:00-04:00,31975.6,31849.3,32078.1,31791.6,330225000.0
2025-05-25T00:00:00-04:00,32023.9,31979.4,32101.2,31928.4,227429000.0
2025-05-26T00:00:00-04:00,32023.9,31979.4,32101.2,31928.4,227429000.0
2025-05-27T00:00:00-04:00,31922.5,32026.1,32209.4,31899.2,339747000.0
2025-05-28T00:00:00-04:00,32397.4,31900.3,32440.3,31895.9,339747000.0
2025-05-29T00:00:00-04:00,32493.9,32454.3,32638.2,32397.4,250865000.0
2025-05-30T00:00:00-04:00,32696.8,32490.1,32723.6,32315.3,231216000.0
2025-06-01T00:00:00-04:00,32500.0,32582.0,32700.3,32457.4,187128000.0
2025-06-02T00:00:00-04:00,32500.0,32582.0,32700.3,32457.4,187128000.0
2025-06-03T00:00:00-04:00,32325.1,32501.9,32520.6,32201.6,126125000.0
2025-06-04T00:00:00-04:00,32355.4,32332.5,32545.0,32325.1,197544000.0
2025-06-05T00:00:00-04:00,32677.9,32359.6,32703.9,32317.9,197544000.0
2025-06-10T00:00:00-04:00,32904.1,32604.5,32943.3,32587.4,197677000.0
2025-06-11T00:00:00-04:00,32904.1,32604.5,32943.3,32587.4,209510000.0
2025-06-12T00:00:00-04:00,32935.2,32931.1,33088.1,32879.8,209510000.0
2025-06-13T00:00:00-04:00,32511.7,32936.3,32951.1,32318.5,192841000.0
2025-06-15T00:00:00-04:00,31016.0,30177.6,32511.7,30002.5,273272000.0
2025-06-16T00:00:00-04:00,31016.0,30177.6,32511.7,30002.5,273272000.0
2025-06-17T00:00:00-04:00,31042.4,31043.6,31459.9,30826.3,205714000.0
2025-06-18T00:00:00-04:00,30726.0,31035.8,31118.0,30617.7,130128000.0
2025-06-19T00:00:00-04:00,30839.0,30722.2,30894.8,30299.9,169507000.0
2025-06-20T00:00:00-04:00,30248.4,30861.4,30919.3,30248.4,169507000.0
2025-06-22T00:00:00-04:00,31056.0,30008.9,31067.0,29740.7,188997000.0
2025-06-23T00:00:00-04:00,31056.0,30008.9,31067.0,29740.7,248652000.0
2025-06-24T00:00:00-04:00,31418.7,31151.7,31487.8,31053.1,250605000.0
2025-06-25T00:00:00-04:00,32598.5,31839.0,32601.8,31418.7,250605000.0
2025-06-26T00:00:00-04:00,33002.8,32602.3,33002.8,32373.5,208462000.0
2025-06-29T00:00:00-04:00,33206.8,33054.8,33357.9,33002.1,166010000.0
2025-06-30T00:00:00-04:00,33206.8,33054.8,33357.9,33002.1,202374000.0
2025-07-01T00:00:00-04:00,32857.6,33217.7,33381.0,32857.6,202374000.0
2025-07-02T00:00:00-04:00,32707.2,32870.2,32925.3,32594.5,168524000.0
2025-07-03T00:00:00-04:00,32820.5,32742.7,32920.1,32699.3,127379000.0
2025-07-06T00:00:00-04:00,32913.7,32846.5,32982.3,32820.5,138639000.0
2025-07-07T00:00:00-04:00,32913.7,32846.5,32982.3,32820.5,232632000.0
2025-07-08T00:00:00-04:00,33037.6,32928.2,33089.3,32913.7,232632000.0
2025-07-09T00:00:00-04:00,33152.4,33043.8,33383.4,32881.8,209835000.0
2025-07-10T00:00:00-04:00,33152.4,33043.8,33383.4,32881.8,209835000.0
2025-07-11T00:00:00-04:00,33324.4,33180.6,33324.5,33119.5,193189000.0
2025-07-13T00:00:00-04:00,33053.5,33334.9,33412.5,33048.7,115962000.0
2025-07-14T00:00:00-04:00,33053.5,33334.9,33412.5,33048.7,146243000.0
2025-07-15T00:00:00-04:00,33727.4,33056.0,33730.7,33041.3,207206597.0
2025-07-16T00:00:00-04:00,33814.5,33727.44,34027.9,33727.44,207206597.0
2025-07-17T00:00:00-04:00,33473.8,33942.1,34089.4,33437.9,189539000.0
2025-07-18T00:00:00-04:00,33821.0,33481.8,33892.9,33473.8,143667000.0
2025-07-20T00:00:00-04:00,34071.0,33825.6,34141.0,33821.0,171400000.0
2025-07-21T00:00:00-04:00,34071.0,33825.6,34141.0,33821.0,248649000.0
2025-07-22T00:00:00-04:00,34129.6,34082.3,34323.8,33975.3,248649000.0
2025-07-23T00:00:00-04:00,33803.3,34128.1,34196.2,33789.5,156904000.0
2025-07-24T00:00:00-04:00,34125.1,33838.5,34125.1,33723.1,127548000.0
2025-07-27T00:00:00-04:00,34554.2,34153.2,34560.6,34125.1,156178000.0
2025-07-28T00:00:00-04:00,34554.2,34153.2,34560.6,34125.1,184782000.0
2025-07-29T00:00:00-04:00,34076.2,34560.3,34683.0,34043.6,184782000.0
2025-07-30T00:00:00-04:00,34085.7,34097.7,34236.5,33963.9,292605000.0
2025-07-31T00:00:00-04:00,33859.7,34083.1,34353.2,33800.3,292605000.0
2025-08-01T00:00:00-04:00,34198.0,33902.3,34198.0,33859.7,227844000.0
2025-08-03T00:00:00-04:00,34272.2,34207.9,34272.2,34074.5,111413000.0
2025-08-04T00:00:00-04:00,34272.2,34207.9,34272.2,34074.5,151390000.0
2025-08-05T00:00:00-04:00,34704.5,34272.4,34722.4,34272.2,166239000.0
2025-08-06T00:00:00-04:00,35254.2,34749.6,35256.6,34703.0,198391000.0
2025-08-07T00:00:00-04:00,35480.2,35267.8,35485.4,35231.8,198391000.0
2025-08-08T00:00:00-04:00,35809.4,35485.0,35925.7,35437.2,169857000.0
2025-08-10T00:00:00-04:00,36109.8,0.0,36282.7,35809.4,155183000.0
2025-08-11T00:00:00-04:00,36109.8,35853.7,36282.7,35809.4,185897000.0
2025-08-12T00:00:00-04:00,35908.5,36128.2,36219.6,35829.4,185897000.0
2025-08-13T00:00:00-04:00,36003.7,35909.3,36040.0,35844.8,165869000.0
2025-08-14T00:00:00-04:00,35855.3,36010.1,36139.2,35635.4,162486000.0
2025-08-15T00:00:00-04:00,35576.4,35852.2,35880.7,35449.5,134892000.0
2025-08-17T00:00:00-04:00,35972.8,35586.4,35982.3,35563.8,187846000.0
2025-08-18T00:00:00-04:00,35972.8,35586.4,35982.3,35563.8,188682000.0
2025-08-19T00:00:00-04:00,35824.8,35989.1,36206.9,35807.6,186594000.0
2025-08-20T00:00:00-04:00,36100.1,35836.9,36105.0,35791.2,207625000.0
2025-08-21T00:00:00-04:00,35731.8,36112.2,36221.8,35664.1,207625000.0
2025-08-22T00:00:00-04:00,35622.3,35743.1,35765.9,35523.1,91241400.0
2025-08-24T00:00:00-04:00,35811.9,35617.9,35831.5,35613.7,151016000.0
2025-08-25T00:00:00-04:00,35811.9,35617.9,35831.5,35613.7,151016000.0
2025-08-26T00:00:00-04:00,35810.6,35814.2,35995.8,35788.7,252113000.0
2025-08-27T00:00:00-04:00,35358.3,35829.5,35979.0,35321.6,252113000.0
2025-08-28T00:00:00-04:00,35676.2,35358.6,35676.2,35305.5,141266000.0
2025-08-29T00:00:00-04:00,35727.2,35661.2,35824.4,35544.0,112315000.0
2025-08-31T00:00:00-04:00,35148.1,35740.4,35886.2,35112.2,109081000.0
2025-09-01T00:00:00-04:00,35148.1,35740.4,35886.2,35112.2,109081000.0
2025-09-02T00:00:00-04:00,35158.9,35146.0,35247.7,34922.2,104563000.0
2025-09-03T00:00:00-04:00,35156.9,35160.7,35290.3,35029.8,136589000.0
2025-09-04T00:00:00-04:00,34762.0,35153.6,35156.9,34708.2,136589000.0
2025-09-07T00:00:00-04:00,34455.4,34795.0,34938.0,34455.4,134210000.0
2025-09-08T00:00:00-04:00,34455.4,34795.0,34938.0,34455.4,145323000.0
2025-09-09T00:00:00-04:00,34601.5,34459.7,34763.1,34455.4,145323000.0
2025-09-10T00:00:00-04:00,34386.3,34598.2,34705.8,34217.7,131098000.0
2025-09-11T00:00:00-04:00,34670.1,34381.0,34679.7,34328.7,139460000.0
2025-09-12T00:00:00-04:00,34937.4,34682.5,34940.5,34643.9,139460000.0
2025-09-14T00:00:00-04:00,35111.8,34959.0,35197.0,34937.4,151296000.0
2025-09-15T00:00:00-04:00,35111.8,34959.0,35197.0,34937.4,151296000.0
2025-09-16T00:00:00-04:00,35165.8,35116.8,35343.9,35011.5,128342000.0
2025-09-17T00:00:00-04:00,34840.8,35153.7,35221.7,34751.4,128342000.0
2025-09-18T00:00:00-04:00,34974.8,34841.0,35011.2,34707.4,137893000.0
2025-09-19T00:00:00-04:00,35403.0,34976.4,35444.2,34974.8,137893000.0
2025-09-21T00:00:00-04:00,35247.0,35411.7,35501.7,35256.2,100063000.0
2025-09-22T00:00:00-04:00,35247.0,35411.7,35501.7,35235.4,105965000.0
2025-09-23T00:00:00-04:00,35210.7,35270.0,35360.9,34925.2,186032000.0
2025-09-24T00:00:00-04:00,35328.6,35220.5,35397.0,35207.5,186032000.0
2025-09-25T00:00:00-04:00,35949.1,35328.6,35949.5,35328.6,142246000.0
2025-09-26T00:00:00-04:00,35671.4,35963.9,35988.9,35668.5,140266000.0
2025-09-28T00:00:00-04:00,36166.1,35701.8,36219.5,35671.4,156923000.0
2025-09-29T00:00:00-04:00,36166.1,35701.8,36219.5,35671.4,159446000.0
2025-09-30T00:00:00-04:00,36391.0,36201.5,36393.4,36126.3,226025000.0
2025-10-01T00:00:00-04:00,36670.1,36437.3,36699.8,36391.0,226025000.0
2025-10-02T00:00:00-04:00,36769.2,36712.6,37000.0,36670.1,183853000.0
2025-10-03T00:00:00-04:00,36900.7,36771.7,37035.8,36700.2,174310000.0
2025-10-05T00:00:00-04:00,37210.8,36930.4,37389.6,36900.7,90605900.0
2025-10-06T00:00:00-04:00,37210.8,36930.4,37389.6,36900.7,114462000.0
2025-10-07T00:00:00-04:00,37094.8,37216.9,37318.7,36988.0,151555000.0
2025-10-08T00:00:00-04:00,37097.4,37105.4,37203.3,37034.8,151555000.0
2025-10-09T00:00:00-04:00,37376.9,37098.5,37379.6,36957.8,109384000.0
2025-10-12T00:00:00-04:00,37378.6,37377.2,37487.9,37096.3,163296000.0
2025-10-13T00:00:00-04:00,37378.6,37377.2,37491.4,37096.3,187626000.0
2025-10-14T00:00:00-04:00,37409.8,37348.0,37612.7,37330.8,187626000.0
2025-10-15T00:00:00-04:00,37459.1,37425.7,37690.0,37408.2,173372000.0
2025-10-16T00:00:00-04:00,37654.0,37478.1,37676.7,37365.8,232420000.0
2025-10-17T00:00:00-04:00,37677.2,37664.9,37858.8,37654.0,232420000.0
2025-10-19T00:00:00-04:00,37909.6,37690.1,38011.1,37677.2,133672000.0
2025-10-20T00:00:00-04:00,37909.6,37690.1,38011.1,37677.2,180457000.0
2025-10-21T00:00:00-04:00,37975.1,37930.9,38182.0,37909.6,180457000.0
2025-10-22T00:00:00-04:00,37698.5,37990.8,38091.4,37698.5,158679000.0
2025-10-23T00:00:00-04:00,37576.6,37586.6,37698.5,37550.2,153353000.0
2025-10-24T00:00:00-04:00,37687.0,37598.7,37691.6,37502.9,153353000.0
2025-10-26T00:00:00-04:00,38102.0,37598.7,38171.8,37687.0,188087000.0
2025-10-27T00:00:00-04:00,38102.0,37709.1,38171.8,37687.0,224471000.0
2025-10-28T00:00:00-04:00,38162.0,38108.5,38287.6,38049.1,224471000.0
2025-10-29T00:00:00-04:00,38304.9,38170.0,38400.4,38099.3,216507000.0
2025-10-30T00:00:00-04:00,38267.8,38232.7,38409.3,38130.0,231614000.0
